[{"_id":796000001,"account_expiration_date":null,"account_start_date":null,"cms_role_ids":[237000001],"created":"2019-03-25T16:37:17.299+09:00","deleted":null,"email":"cms_user@example.jp","group_ids":[155000001],"imap_default_index":0,"imap_settings":[],"initial_password_warning":null,"kana":null,"last_loggedin":null,"ldap_dn":null,"ldap_import_id":null,"lock_state":null,"login_roles":["dbpasswd"],"name":"cms_user","organization_id":null,"organization_uid":null,"password":"7136391b0208289ec4551272c8e62564","password_changed_at":"2019-03-25T16:37:17.315+09:00","remark":null,"restriction":null,"session_lifetime":null,"switch_user_id":null,"sys_role_ids":[],"tel":null,"tel_ext":null,"text_index":null,"title_ids":[],"title_orders":null,"type":null,"uid":"cms_user","updated":"2019-03-25T16:37:17.315+09:00"}]