[{"_id":711000001,"account_expiration_date":null,"account_start_date":null,"cms_role_ids":[724000001],"created":"2022-03-22T13:00:56.131+09:00","deleted":null,"deletion_lock_state":"locked","email":"cms_user@example.jp","group_ids":[28000001],"imap_default_index":0,"imap_settings":[],"initial_password_warning":null,"kana":null,"last_loggedin":null,"ldap_dn":null,"ldap_import_id":null,"lock_state":null,"login_roles":["dbpasswd"],"name":"cms_user","occupation_ids":[],"occupation_orders":null,"organization_id":413000001,"organization_uid":"org-cms_user","password":"ebaaad55b483565861eb5a67da7e2981","password_changed_at":"2022-03-22T13:00:56.145+09:00","remark":null,"restriction":null,"session_lifetime":null,"switch_user_id":null,"sys_role_ids":[],"tel":null,"tel_ext":null,"text_index":null,"title_ids":[],"title_orders":null,"type":null,"uid":"cms_user","updated":"2022-03-22T13:00:56.144+09:00"}]