[{"_id":752000001,"aggregation_state":"disabled","body_layout_id":null,"captcha_test":null,"category_ids":[],"close_date":null,"created":"2022-03-22T13:00:56.000+09:00","deleted":null,"depth":1,"description":null,"faq_id":null,"filename":"node-s686be9353c","first_released":"2022-03-22T13:00:56.416+09:00","for_member_state":"disabled","from_email":"from@example.jp","from_name":null,"group_ids":[],"index_name":null,"inquiry_captcha":"enabled","inquiry_html":"\u003cp\u003e下記事項を入力の上、確認画面へのボタンを押してください。\u003c/p\u003e","inquiry_results_html":"","inquiry_sent_html":"\u003cp\u003eお問い合わせを受け付けました。\u003c/p\u003e","keywords":[],"layout_id":null,"location_ids":[],"md5":null,"name":"ec8151e929c","notice_content":"disabled","notice_email":"notice@example.jp","notice_state":"disabled","order":0,"page_layout_id":null,"permission_level":1,"reception_close_date":null,"reception_start_date":null,"redirect_link":null,"release_date":null,"released":"2022-03-22T13:00:56.416+09:00","released_type":"fixed","reply_content_state":null,"reply_content_static":null,"reply_lower_text":"以上。","reply_state":"disabled","reply_subject":"シラサギ市へのお問い合わせを受け付けました。","reply_upper_text":"以下の内容でお問い合わせを受け付けま した。","service_ids":[],"shortcut":"hide","site_id":413000001,"st_category_ids":[],"st_location_ids":[],"st_service_ids":[],"state":"public","summary_html":null,"text_index":null,"updated":"2022-03-22T13:00:56.418+09:00","user_id":711000001,"view_route":null,"route":"inquiry/form"}]