[{"_id":1,"deleted":null,"name":"cms_role_admin","permission_level":1,"permissions":["approve_member_opendata_apps","approve_member_opendata_datasets","approve_member_opendata_ideas","approve_other_article_pages","approve_other_cms_pages","approve_other_event_pages","approve_other_faq_pages","approve_other_member_blogs","approve_other_opendata_apps","approve_other_opendata_datasets","approve_other_opendata_ideas","approve_other_sitemap_pages","approve_private_article_pages","approve_private_cms_pages","approve_private_event_pages","approve_private_faq_pages","approve_private_member_blogs","approve_private_opendata_apps","approve_private_opendata_datasets","approve_private_opendata_ideas","approve_private_sitemap_pages","build_kana_dictionaries","delete_board_anpi_posts","delete_board_posts","delete_cms_body_layouts","delete_cms_commands","delete_kana_dictionaries","delete_member_opendata_apps","delete_member_opendata_datasets","delete_member_opendata_ideas","delete_other_ads_banners","delete_other_article_pages","delete_other_cms_files","delete_other_cms_forms","delete_other_cms_layouts","delete_other_cms_nodes","delete_other_cms_notices","delete_other_cms_page_searches","delete_other_cms_pages","delete_other_cms_parts","delete_other_event_pages","delete_other_faq_pages","delete_other_key_visual_images","delete_other_member_blogs","delete_other_member_photos","delete_other_opendata_apps","delete_other_opendata_datasets","delete_other_opendata_ideas","delete_other_sitemap_pages","delete_other_workflow_routes","delete_private_ads_banners","delete_private_article_pages","delete_private_cms_files","delete_private_cms_forms","delete_private_cms_layouts","delete_private_cms_nodes","delete_private_cms_notices","delete_private_cms_page_searches","delete_private_cms_pages","delete_private_cms_parts","delete_private_event_pages","delete_private_faq_pages","delete_private_key_visual_images","delete_private_member_blogs","delete_private_member_photos","delete_private_opendata_apps","delete_private_opendata_datasets","delete_private_opendata_ideas","delete_private_sitemap_pages","delete_private_workflow_routes","edit_board_anpi_posts","edit_board_posts","edit_chorg_revisions","edit_cms_body_layouts","edit_cms_commands","edit_cms_editor_templates","edit_cms_groups","edit_cms_loop_settings","edit_cms_members","edit_cms_roles","edit_cms_sites","edit_cms_users","edit_kana_dictionaries","edit_member_opendata_apps","edit_member_opendata_datasets","edit_member_opendata_ideas","edit_other_ads_banners","edit_other_article_pages","edit_other_cms_files","edit_other_cms_forms","edit_other_cms_layouts","edit_other_cms_nodes","edit_other_cms_notices","edit_other_cms_page_searches","edit_other_cms_pages","edit_other_cms_parts","edit_other_event_pages","edit_other_faq_pages","edit_other_key_visual_images","edit_other_member_blogs","edit_other_member_photos","edit_other_opendata_apps","edit_other_opendata_datasets","edit_other_opendata_harvested","edit_other_opendata_harvests","edit_other_opendata_ideas","edit_other_opendata_public_entity_datasets","edit_other_sitemap_pages","edit_other_workflow_routes","edit_private_ads_banners","edit_private_article_pages","edit_private_cms_files","edit_private_cms_forms","edit_private_cms_layouts","edit_private_cms_nodes","edit_private_cms_notices","edit_private_cms_page_searches","edit_private_cms_pages","edit_private_cms_parts","edit_private_event_pages","edit_private_faq_pages","edit_private_key_visual_images","edit_private_member_blogs","edit_private_member_photos","edit_private_opendata_apps","edit_private_opendata_datasets","edit_private_opendata_ideas","edit_private_sitemap_pages","edit_private_workflow_routes","import_other_article_pages","import_other_cms_nodes","import_other_event_pages","import_other_faq_pages","import_other_opendata_datasets","import_private_article_pages","import_private_cms_nodes","import_private_event_pages","import_private_faq_pages","move_other_article_pages","move_other_cms_nodes","move_other_cms_pages","move_other_event_pages","move_other_faq_pages","move_other_sitemap_pages","move_private_article_pages","move_private_cms_nodes","move_private_cms_pages","move_private_event_pages","move_private_faq_pages","move_private_sitemap_pages","read_board_anpi_posts","read_board_posts","read_cms_body_layouts","read_cms_commands","read_kana_dictionaries","read_member_opendata_apps","read_member_opendata_datasets","read_member_opendata_ideas","read_other_ads_banners","read_other_article_pages","read_other_cms_files","read_other_cms_forms","read_other_cms_layouts","read_other_cms_nodes","read_other_cms_notices","read_other_cms_page_searches","read_other_cms_pages","read_other_cms_parts","read_other_event_pages","read_other_faq_pages","read_other_key_visual_images","read_other_member_blogs","read_other_member_photos","read_other_opendata_apps","read_other_opendata_datasets","read_other_opendata_ideas","read_other_sitemap_pages","read_other_workflow_routes","read_private_ads_banners","read_private_article_pages","read_private_cms_files","read_private_cms_forms","read_private_cms_layouts","read_private_cms_nodes","read_private_cms_notices","read_private_cms_page_searches","read_private_cms_pages","read_private_cms_parts","read_private_event_pages","read_private_faq_pages","read_private_key_visual_images","read_private_member_blogs","read_private_member_photos","read_private_opendata_apps","read_private_opendata_datasets","read_private_opendata_ideas","read_private_sitemap_pages","read_private_workflow_routes","release_member_opendata_apps","release_member_opendata_datasets","release_member_opendata_ideas","release_other_article_pages","release_other_cms_pages","release_other_event_pages","release_other_faq_pages","release_other_member_blogs","release_other_member_photos","release_other_opendata_apps","release_other_opendata_datasets","release_other_opendata_ideas","release_other_sitemap_pages","release_private_article_pages","release_private_cms_pages","release_private_event_pages","release_private_faq_pages","release_private_member_blogs","release_private_member_photos","release_private_opendata_apps","release_private_opendata_datasets","release_private_opendata_ideas","release_private_sitemap_pages","reroute_other_article_pages","reroute_other_cms_pages","reroute_other_event_pages","reroute_other_faq_pages","reroute_other_member_blogs","reroute_other_opendata_apps","reroute_other_opendata_datasets","reroute_other_opendata_ideas","reroute_other_sitemap_pages","reroute_private_article_pages","reroute_private_cms_pages","reroute_private_event_pages","reroute_private_faq_pages","reroute_private_member_blogs","reroute_private_opendata_apps","reroute_private_opendata_datasets","reroute_private_opendata_ideas","reroute_private_sitemap_pages","revoke_other_article_pages","revoke_other_cms_pages","revoke_other_event_pages","revoke_other_faq_pages","revoke_other_member_blogs","revoke_other_opendata_apps","revoke_other_opendata_datasets","revoke_other_opendata_ideas","revoke_other_sitemap_pages","revoke_private_article_pages","revoke_private_cms_pages","revoke_private_event_pages","revoke_private_faq_pages","revoke_private_member_blogs","revoke_private_opendata_apps","revoke_private_opendata_datasets","revoke_private_opendata_ideas","revoke_private_sitemap_pages","unlock_other_article_pages","unlock_other_cms_pages","unlock_other_faq_pages","use_cms_commands","use_cms_editor_extensions","use_cms_tools"],"site_id":1,"text_index":null,"user_id":null}]