[{"_id":387000001,"additional_attr":"","created":"2022-03-22T13:00:56.727+09:00","deleted":null,"group_ids":[],"html":"\u003cp\u003eお名前を入力してくだ さい。\u003c/p\u003e","input_confirm":"","input_type":"text_field","max_upload_file_size":0,"name":"お名前","node_id":752000001,"order":10,"permission_level":1,"question":"disabled","required":"required","required_in_select_form":null,"select_options":[],"site_id":413000001,"state":"public","text_index":null,"transfers":null,"updated":"2022-03-22T13:00:56.730+09:00"},{"_id":387000002,"additional_attr":"","created":"2022-03-22T13:00:56.839+09:00","deleted":null,"group_ids":[],"html":"\u003cp\u003e企業・団体名を入力してくだ さい。\u003c/p\u003e","input_confirm":"","input_type":"text_field","max_upload_file_size":0,"name":"企業・団体名","node_id":752000001,"order":20,"permission_level":1,"question":"disabled","required":"optional","required_in_select_form":null,"select_options":[],"site_id":413000001,"state":"public","text_index":null,"transfers":null,"updated":"2022-03-22T13:00:56.842+09:00"},{"_id":387000003,"additional_attr":"","created":"2022-03-22T13:00:56.850+09:00","deleted":null,"group_ids":[],"html":"\u003cp\u003e要件を入力してください。\u003c/p\u003e","input_confirm":"","input_type":"text_field","max_upload_file_size":0,"name":"要件","node_id":752000001,"order":30,"permission_level":1,"question":"disabled","required":"optional","required_in_select_form":null,"select_options":[],"site_id":413000001,"state":"public","text_index":null,"transfers":[{"keyword":"キーワード","email":"transfers@example.jp"}],"updated":"2022-03-22T13:00:56.852+09:00"},{"_id":387000004,"additional_attr":"","created":"2022-03-22T13:00:56.858+09:00","deleted":null,"group_ids":[],"html":"\u003cp\u003e半角 英数字記号で入力してください。\u003cbr /\u003e\nお問い合わせへの返信に利用させていただきます。\u003c/p\u003e","input_confirm":"enabled","input_type":"email_field","max_upload_file_size":0,"name":"メールアドレス","node_id":752000001,"order":40,"permission_level":1,"question":"disabled","required":"required","required_in_select_form":null,"select_options":[],"site_id":413000001,"state":"public","text_index":null,"transfers":null,"updated":"2022-03-22T13:00:56.860+09:00"},{"_id":387000005,"additional_attr":"","created":"2022-03-22T13:00:56.887+09:00","deleted":null,"group_ids":[],"html":"\u003cp\u003e性別を選択して ください。\u003c/p\u003e","input_confirm":"","input_type":"radio_button","max_upload_file_size":0,"name":"性別","node_id":752000001,"order":50,"permission_level":1,"question":"disabled","required":"optional","required_in_select_form":null,"select_options":["男性","女性"],"site_id":413000001,"state":"public","text_index":null,"transfers":null,"updated":"2022-03-22T13:00:56.889+09:00"},{"_id":387000006,"additional_attr":"","created":"2022-03-22T13:00:56.896+09:00","deleted":null,"group_ids":[],"html":"\u003cp\u003e年齢を選択してください。\u003c/p\u003e","input_confirm":"","input_type":"select","max_upload_file_size":0,"name":"年齢","node_id":752000001,"order":60,"permission_level":1,"question":"disabled","required":"optional","required_in_select_form":null,"select_options":["10代","20代","30代","40代","50代","60代","70代","80代"],"site_id":413000001,"state":"public","text_index":null,"transfers":null,"updated":"2022-03-22T13:00:56.898+09:00"},{"_id":387000007,"additional_attr":"","created":"2022-03-22T13:00:56.905+09:00","deleted":null,"group_ids":[],"html":"\u003cp\u003eお問い合わせ内容の区分を選択してください。\u003c/p\u003e","input_confirm":"","input_type":"check_box","max_upload_file_size":0,"name":"お問い合わせ区分","node_id":752000001,"order":70,"permission_level":1,"question":"disabled","required":"optional","required_in_select_form":null,"select_options":["市政について","ご意見・ご要望","申請について","その他"],"site_id":413000001,"state":"public","text_index":null,"transfers":null,"updated":"2022-03-22T13:00:56.907+09:00"},{"_id":387000008,"additional_attr":"","created":"2022-03-22T13:00:56.912+09:00","deleted":null,"group_ids":[],"html":"","input_confirm":"","input_type":"upload_file","max_upload_file_size":2,"name":"添付ファイル","node_id":752000001,"order":80,"permission_level":1,"question":"disabled","required":"optional","required_in_select_form":null,"select_options":[],"site_id":413000001,"state":"public","text_index":null,"transfers":null,"updated":"2022-03-22T13:00:56.915+09:00"}]