[{"_id":1,"additional_attr":"","created":"2019-03-22T19:00:25.917+09:00","deleted":null,"html":"\u003cp\u003eお名前を入力してくだ さい。\u003c/p\u003e","input_confirm":"","input_type":"text_field","max_upload_file_size":0,"name":"お名前","node_id":1,"order":10,"question":"disabled","required":"required","required_in_select_form":null,"select_options":[],"site_id":1,"state":"public","text_index":null,"transfers":null,"updated":"2019-03-22T19:00:25.919+09:00"},{"_id":2,"additional_attr":"","created":"2019-03-22T19:00:25.948+09:00","deleted":null,"html":"\u003cp\u003e企業・団体名を入力してくだ さい。\u003c/p\u003e","input_confirm":"","input_type":"text_field","max_upload_file_size":0,"name":"企業・団体名","node_id":1,"order":20,"question":"disabled","required":"optional","required_in_select_form":null,"select_options":[],"site_id":1,"state":"public","text_index":null,"transfers":null,"updated":"2019-03-22T19:00:25.950+09:00"},{"_id":3,"additional_attr":"","created":"2019-03-22T19:00:25.953+09:00","deleted":null,"html":"\u003cp\u003e要件を入力してください。\u003c/p\u003e","input_confirm":"","input_type":"text_field","max_upload_file_size":0,"name":"要件","node_id":1,"order":30,"question":"disabled","required":"optional","required_in_select_form":null,"select_options":[],"site_id":1,"state":"public","text_index":null,"transfers":[{"keyword":"キーワード","email":"transfers@example.jp"}],"updated":"2019-03-22T19:00:25.955+09:00"},{"_id":4,"additional_attr":"","created":"2019-03-22T19:00:25.958+09:00","deleted":null,"html":"\u003cp\u003e半角 英数字記号で入力してください。\u003cbr /\u003e\nお問い合わせへの返信に利用させていただきます。\u003c/p\u003e","input_confirm":"enabled","input_type":"email_field","max_upload_file_size":0,"name":"メールアドレス","node_id":1,"order":40,"question":"disabled","required":"required","required_in_select_form":null,"select_options":[],"site_id":1,"state":"public","text_index":null,"transfers":null,"updated":"2019-03-22T19:00:25.959+09:00"},{"_id":5,"additional_attr":"","created":"2019-03-22T19:00:25.962+09:00","deleted":null,"html":"\u003cp\u003e性別を選択して ください。\u003c/p\u003e","input_confirm":"","input_type":"radio_button","max_upload_file_size":0,"name":"性別","node_id":1,"order":50,"question":"disabled","required":"optional","required_in_select_form":null,"select_options":["男性","女性"],"site_id":1,"state":"public","text_index":null,"transfers":null,"updated":"2019-03-22T19:00:25.964+09:00"},{"_id":6,"additional_attr":"","created":"2019-03-22T19:00:25.970+09:00","deleted":null,"html":"\u003cp\u003e年齢を選択してください。\u003c/p\u003e","input_confirm":"","input_type":"select","max_upload_file_size":0,"name":"年齢","node_id":1,"order":60,"question":"disabled","required":"optional","required_in_select_form":null,"select_options":["10代","20代","30代","40代","50代","60代","70代","80代"],"site_id":1,"state":"public","text_index":null,"transfers":null,"updated":"2019-03-22T19:00:25.971+09:00"},{"_id":7,"additional_attr":"","created":"2019-03-22T19:00:25.974+09:00","deleted":null,"html":"\u003cp\u003eお問い合わせ内容の区分を選択してください。\u003c/p\u003e","input_confirm":"","input_type":"check_box","max_upload_file_size":0,"name":"お問い合わせ区分","node_id":1,"order":70,"question":"disabled","required":"optional","required_in_select_form":null,"select_options":["市政について","ご意見・ご要望","申請について","その他"],"site_id":1,"state":"public","text_index":null,"transfers":null,"updated":"2019-03-22T19:00:25.976+09:00"},{"_id":8,"additional_attr":"","created":"2019-03-22T19:00:25.979+09:00","deleted":null,"html":"","input_confirm":"","input_type":"upload_file","max_upload_file_size":2,"name":"添付ファイル","node_id":1,"order":80,"question":"disabled","required":"optional","required_in_select_form":null,"select_options":[],"site_id":1,"state":"public","text_index":null,"transfers":null,"updated":"2019-03-22T19:00:25.981+09:00"}]