[{"_id":532000001,"additional_attr":"","created":"2019-03-25T16:37:17.478+09:00","deleted":null,"html":"\u003cp\u003eお名前を入力してくだ さい。\u003c/p\u003e","input_confirm":"","input_type":"text_field","max_upload_file_size":0,"name":"お名前","node_id":930000001,"order":10,"question":"disabled","required":"required","required_in_select_form":null,"select_options":[],"site_id":256000001,"state":"public","text_index":null,"transfers":null,"updated":"2019-03-25T16:37:17.481+09:00"},{"_id":532000002,"additional_attr":"","created":"2019-03-25T16:37:17.509+09:00","deleted":null,"html":"\u003cp\u003e企業・団体名を入力してくだ さい。\u003c/p\u003e","input_confirm":"","input_type":"text_field","max_upload_file_size":0,"name":"企業・団体名","node_id":930000001,"order":20,"question":"disabled","required":"optional","required_in_select_form":null,"select_options":[],"site_id":256000001,"state":"public","text_index":null,"transfers":null,"updated":"2019-03-25T16:37:17.513+09:00"},{"_id":532000003,"additional_attr":"","created":"2019-03-25T16:37:17.517+09:00","deleted":null,"html":"\u003cp\u003e要件を入力してください。\u003c/p\u003e","input_confirm":"","input_type":"text_field","max_upload_file_size":0,"name":"要件","node_id":930000001,"order":30,"question":"disabled","required":"optional","required_in_select_form":null,"select_options":[],"site_id":256000001,"state":"public","text_index":null,"transfers":[{"keyword":"キーワード","email":"transfers@example.jp"}],"updated":"2019-03-25T16:37:17.519+09:00"},{"_id":532000004,"additional_attr":"","created":"2019-03-25T16:37:17.524+09:00","deleted":null,"html":"\u003cp\u003e半角 英数字記号で入力してください。\u003cbr /\u003e\nお問い合わせへの返信に利用させていただきます。\u003c/p\u003e","input_confirm":"enabled","input_type":"email_field","max_upload_file_size":0,"name":"メールアドレス","node_id":930000001,"order":40,"question":"disabled","required":"required","required_in_select_form":null,"select_options":[],"site_id":256000001,"state":"public","text_index":null,"transfers":null,"updated":"2019-03-25T16:37:17.526+09:00"},{"_id":532000005,"additional_attr":"","created":"2019-03-25T16:37:17.531+09:00","deleted":null,"html":"\u003cp\u003e性別を選択して ください。\u003c/p\u003e","input_confirm":"","input_type":"radio_button","max_upload_file_size":0,"name":"性別","node_id":930000001,"order":50,"question":"disabled","required":"optional","required_in_select_form":null,"select_options":["男性","女性"],"site_id":256000001,"state":"public","text_index":null,"transfers":null,"updated":"2019-03-25T16:37:17.533+09:00"},{"_id":532000006,"additional_attr":"","created":"2019-03-25T16:37:17.537+09:00","deleted":null,"html":"\u003cp\u003e年齢を選択してください。\u003c/p\u003e","input_confirm":"","input_type":"select","max_upload_file_size":0,"name":"年齢","node_id":930000001,"order":60,"question":"disabled","required":"optional","required_in_select_form":null,"select_options":["10代","20代","30代","40代","50代","60代","70代","80代"],"site_id":256000001,"state":"public","text_index":null,"transfers":null,"updated":"2019-03-25T16:37:17.539+09:00"},{"_id":532000007,"additional_attr":"","created":"2019-03-25T16:37:17.543+09:00","deleted":null,"html":"\u003cp\u003eお問い合わせ内容の区分を選択してください。\u003c/p\u003e","input_confirm":"","input_type":"check_box","max_upload_file_size":0,"name":"お問い合わせ区分","node_id":930000001,"order":70,"question":"disabled","required":"optional","required_in_select_form":null,"select_options":["市政について","ご意見・ご要望","申請について","その他"],"site_id":256000001,"state":"public","text_index":null,"transfers":null,"updated":"2019-03-25T16:37:17.546+09:00"},{"_id":532000008,"additional_attr":"","created":"2019-03-25T16:37:17.549+09:00","deleted":null,"html":"","input_confirm":"","input_type":"upload_file","max_upload_file_size":2,"name":"添付ファイル","node_id":930000001,"order":80,"question":"disabled","required":"optional","required_in_select_form":null,"select_options":[],"site_id":256000001,"state":"public","text_index":null,"transfers":null,"updated":"2019-03-25T16:37:17.551+09:00"}]