{"_id":{"$oid":"5d22dd7eeb666e8a8ca793c5"},"text":"○月○日○時から○時の間、システムメンテナンスを実施予定です。\n詳細は追って連絡しますが、日時に不都合のある方はシステム管理者までご相談ください。\n\n----------------------------------------------------\nシラサギ市　企画政策部　政策課\nシステム管理者\n電話番号：00−0000−0000\n----------------------------------------------------","html":"","size":1024,"star":{},"filtered":{"1":"2019-07-08T15:06:54.029Z"},"deleted":{},"state":"public","user_settings":[{"user_id":1,"path":"INBOX"}],"to_member_name":"システム管理者 (sys)","from_member_name":"システム管理者 (sys)","to_member_ids":[1],"to_webmail_address_group_ids":[],"to_shared_address_group_ids":[],"cc_member_ids":[],"cc_webmail_address_group_ids":[],"cc_shared_address_group_ids":[],"bcc_member_ids":[],"bcc_webmail_address_group_ids":[],"bcc_shared_address_group_ids":[],"request_mdn_ids":[],"member_ids":[1],"member_group_ids":[],"member_custom_group_ids":[],"file_ids":[],"site_id":1,"subject":"システムメンテナンスを実施します。","created":"2019-07-08T06:06:54.008Z","updated":"2019-07-08T06:06:54.025Z","format":"text","type":"Gws::Memo::Message","send_date":"2019-07-08T06:06:54.016Z","user_id":1,"user_uid":"sys","user_name":"システム管理者","user":{"_id":1,"name":"システム管理者"},"members":[{"_id":1,"name":"システム管理者"}],"to_members":[{"_id":1,"name":"システム管理者"}],"to_members_name_email":["システム管理者 \u003csys@demo.ss-proj.org\u003e"],"from_name_email":"システム管理者 \u003csys@demo.ss-proj.org\u003e","export_info":{"version":"1.11.1","exported":"2019-07-08T15:16:59.239+09:00"}}