[{"_id":{"$oid":"5c98852bcd22fc4033d5d313"},"additional_attr":"","created":"2019-03-25T16:37:15.230+09:00","deleted":null,"form_id":678000001,"form_type":"Cms::Form","input_type":"text","layout":null,"max_length":null,"name":"name-48yp1vrq3jr","order":10,"place_holder":null,"postfix_label":"postfix_label-48yp1vrp9a0","prefix_label":"prefix_label-fao3sdld9c","required":"optional","site_id":725000001,"text_index":null,"tooltips":["tooltips-48yp1vrq4yo"],"updated":"2019-03-25T16:37:15.232+09:00","_type":"Cms::Column::TextField"},{"_id":{"$oid":"5c98852bcd22fc4033d5d314"},"created":"2019-03-25T16:37:15.269+09:00","deleted":null,"file_type":"image","form_id":678000001,"form_type":"Cms::Form","html_additional_attr":"","html_tag":"img","label_max_length":null,"label_place_holder":null,"layout":null,"name":"name-fao3sdmda4","order":20,"postfix_label":"postfix_label-fao3sdlo4k","prefix_label":"prefix_label-fao3sdmq2m","required":"required","site_id":725000001,"text_index":null,"tooltips":["tooltips-1j2es1dnjh"],"updated":"2019-03-25T16:37:15.274+09:00","_type":"Cms::Column::FileUpload"},{"_id":{"$oid":"5c98852bcd22fc4033d5d315"},"additional_attr":"","created":"2019-03-25T16:37:15.277+09:00","deleted":null,"form_id":678000001,"form_type":"Cms::Form","layout":null,"max_length":null,"name":"name-48yp1vrz662","order":30,"place_holder":null,"postfix_label":"postfix_label-48yp1vrzjhg","prefix_label":"prefix_label-fao3sdmbvc","required":"required","site_id":725000001,"text_index":null,"tooltips":["tooltips-fao3sdma0h"],"updated":"2019-03-25T16:37:15.279+09:00","_type":"Cms::Column::Free"},{"_id":{"$oid":"5c98852bcd22fc4033d5d316"},"additional_attr":"","created":"2019-03-25T16:37:15.281+09:00","deleted":null,"form_id":678000002,"form_type":"Cms::Form","input_type":"text","layout":null,"max_length":null,"name":"name-fao3sdm6ku","order":10,"place_holder":null,"postfix_label":"postfix_label-48yp1vs19hz","prefix_label":"prefix_label-fao3sdlvww","required":"optional","site_id":725000001,"text_index":null,"tooltips":["tooltips-fao3sdm7ga"],"updated":"2019-03-25T16:37:15.283+09:00","_type":"Cms::Column::TextField"},{"_id":{"$oid":"5c98852bcd22fc4033d5d317"},"created":"2019-03-25T16:37:15.284+09:00","deleted":null,"file_type":"image","form_id":678000002,"form_type":"Cms::Form","html_additional_attr":"","html_tag":"a","label_max_length":null,"label_place_holder":null,"layout":null,"name":"name-fao3sdlz3g","order":20,"postfix_label":"postfix_label-48yp1vs0xof","prefix_label":"prefix_label-fao3sdmyn0","required":"optional","site_id":725000001,"text_index":null,"tooltips":["tooltips-1j2es1e16v"],"updated":"2019-03-25T16:37:15.286+09:00","_type":"Cms::Column::FileUpload"},{"_id":{"$oid":"5c98852bcd22fc4033d5d318"},"additional_attr":"","created":"2019-03-25T16:37:15.288+09:00","deleted":null,"form_id":678000002,"form_type":"Cms::Form","layout":null,"max_length":null,"name":"name-fao3sdmn4a","order":30,"place_holder":null,"postfix_label":"postfix_label-fao3sdlsvu","prefix_label":"prefix_label-fao3sdmtes","required":"required","site_id":725000001,"text_index":null,"tooltips":["tooltips-1j2es1dndq"],"updated":"2019-03-25T16:37:15.290+09:00","_type":"Cms::Column::Free"}]