{"_id":365000001,"app_state":"enabled","app_workflow_route_id":null,"auto_description":"disabled","auto_keywords":"disabled","close_confirmation":null,"close_days_before":null,"color_button":null,"created":"2019-03-22T21:00:21.750+09:00","dataset_state":"enabled","dataset_workflow_route_id":null,"default_close_days_after":null,"default_release_days_after":null,"default_release_plan_state":"disabled","deleted":null,"domains":["test.localhost.jp"],"domains_with_subdir":["test.localhost.jp"],"editor_css_path":null,"facebook_app_id":null,"facebook_page_url":null,"file_resizing":[],"forced_update":null,"group_ids":[259000001],"host":"test","https":"disabled","idea_state":"enabled","idea_workflow_route_id":null,"kana_format":null,"keywords":[],"mail_signature":null,"map_api":null,"map_api_key":null,"max_name_length":80,"mobile_css":["%{assets_prefix}/cms/mobile.css"],"mobile_location":"/mobile","mobile_size":512000,"mobile_state":"enabled","multibyte_filename_state":null,"mypage_domain":null,"mypage_scheme":"http","name":"Site","opengraph_defaul_image_url":null,"opengraph_type":null,"parent_id":null,"sender_email":null,"sender_name":null,"sender_user_id":null,"site_edit_auto_post":null,"site_sns_auto_delete":null,"site_twitter_auto_post":null,"subdir":null,"syntax_check":null,"text_index":null,"twitter_access_token":null,"twitter_access_token_secret":null,"twitter_card":null,"twitter_consumer_key":null,"twitter_consumer_secret":null,"twitter_default_image_url":null,"twitter_username":null,"updated":"2019-03-22T21:00:21.761+09:00"}