[{"_id":496000001,"account_expiration_date":null,"account_start_date":null,"cms_role_ids":[382000001],"created":"2019-03-22T21:00:21.883+09:00","deleted":null,"email":"cms_user@example.jp","group_ids":[259000001],"imap_default_index":0,"imap_settings":[],"initial_password_warning":null,"kana":null,"last_loggedin":null,"ldap_dn":null,"ldap_import_id":null,"lock_state":null,"login_roles":["dbpasswd"],"name":"cms_user","organization_id":null,"organization_uid":null,"password":"2c240823af013d9b0899db916ca5349e","password_changed_at":"2019-03-22T21:00:21.892+09:00","remark":null,"restriction":null,"session_lifetime":null,"switch_user_id":null,"sys_role_ids":[],"tel":null,"tel_ext":null,"text_index":null,"title_ids":[],"title_orders":null,"type":null,"uid":"cms_user","updated":"2019-03-22T21:00:21.892+09:00"}]