[{"_id":1,"body_layout_id":null,"category_ids":[],"check_links_errors":null,"check_links_errors_updated":null,"close_days_before":null,"color_button":null,"conditions":[],"created":"2019-03-22T14:32:51.328+09:00","default_close_days_after":null,"default_release_days_after":null,"default_release_plan_state":"disabled","deleted":null,"depth":1,"description":null,"editor_css_path":null,"filename":"node-fakpa8ths6","first_released":"2019-03-22T14:32:51.407+09:00","for_member_state":"disabled","group_ids":[],"index_name":null,"keywords":[],"layout_id":null,"limit":20,"location_ids":[],"loop_format":null,"loop_html":null,"loop_liquid":null,"loop_setting_id":null,"lower_html":null,"md5":null,"name":"48xr0ufx98n","new_days":1,"no_items_display_state":null,"node_edit_auto_post":null,"node_sns_auto_delete":null,"node_twitter_auto_post":null,"opendata_site_ids":[],"order":0,"page_layout_id":null,"permission_level":1,"released":"2019-03-22T14:32:51.407+09:00","route":"article/page","service_ids":[],"shortcut":"hide","site_id":1,"sort":null,"st_category_ids":[],"st_form_default_id":null,"st_form_ids":[],"st_location_ids":[],"st_service_ids":[],"st_tags":[],"state":"public","substitute_html":null,"summary_html":null,"syntax_check":null,"text_index":null,"updated":"2019-03-22T14:32:51.414+09:00","upper_html":null,"user_id":1,"view_route":null}]