[{"_id":1,"approved":null,"body_layout_id":null,"body_parts":[],"category_ids":[],"check_links_errors":null,"check_links_errors_updated":null,"close_date":null,"column_values_updated":null,"contact_charge":null,"contact_email":null,"contact_fax":null,"contact_group_id":null,"contact_link_name":null,"contact_link_url":null,"contact_state":null,"contact_tel":null,"contains_urls":[],"created":"2019-03-22T14:32:51.808+09:00","deleted":null,"depth":2,"description":"fakpa940kc","edit_auto_post":null,"event_dates":"","event_deadline":null,"event_name":null,"file_ids":[1],"filename":"node-fakpa8ths6/48xr0ugxmuk.html","first_released":"2019-03-22T14:32:51.878+09:00","form_id":null,"gravatar_email":null,"gravatar_image_view_kind":null,"gravatar_screen_name":null,"group_ids":[],"html":"fakpa8x3g6fakpa8x3g6fakpa8x3g6fakpa8x3g6fakpa8x3g6","index_name":null,"keywords":["fakpa93ug8","fakpa93sks"],"layout_id":null,"lock_owner_id":null,"lock_until":null,"map_points":[],"map_zoom_level":null,"markdown":null,"master_id":null,"md5":null,"name":"fakpa92yt3","opendata_area_ids":[],"opendata_category_ids":[],"opendata_dataset_group_ids":[],"opendata_dataset_ids":[],"opendata_dataset_state":"none","opendata_license_ids":[],"opendata_resources":null,"order":0,"parent_crumb_urls":[],"permission_level":1,"related_page_ids":[],"related_page_sort":null,"release_date":null,"released":"2019-03-22T14:32:51.878+09:00","route":"article/page","site_id":1,"sns_auto_delete":null,"state":"public","summary_html":null,"tags":[],"text_index":null,"thumb_id":null,"twitter_auto_post":null,"twitter_post_error":null,"twitter_post_id":null,"twitter_posted":[],"twitter_user_id":null,"updated":"2019-03-22T14:32:51.887+09:00","user_id":1,"workflow_agent_id":null,"workflow_approver_attachment_uses":null,"workflow_approvers":[],"workflow_circulation_attachment_uses":null,"workflow_circulations":[],"workflow_comment":null,"workflow_current_circulation_level":0,"workflow_member_id":null,"workflow_on_remand":null,"workflow_pull_up":null,"workflow_required_counts":[],"workflow_state":null,"workflow_user_id":null},{"_id":2,"approved":null,"body_layout_id":null,"body_parts":[],"category_ids":[],"check_links_errors":null,"check_links_errors_updated":null,"close_date":null,"column_values":[{"_id":{"$oid":"5c947386cd22fca59992e48d"},"alignment":null,"column_id":{"$oid":"5c947383cd22fca59992e475"},"created":"2019-03-22T14:32:53.708+09:00","deleted":null,"name":"name-1j22j0wghv","order":10,"text_index":null,"updated":"2019-03-22T14:32:54.276+09:00","value":"fakpaa79nzfakpaa79nzfakpaa79nzfakpaa79nzfakpaa79nzfakpaa79nz","_type":"Cms::Column::Value::TextField"},{"_id":{"$oid":"5c947386cd22fca59992e48e"},"alignment":null,"column_id":{"$oid":"5c947383cd22fca59992e476"},"created":"2019-03-22T14:32:53.932+09:00","deleted":null,"file_id":3,"file_label":null,"html_additional_attr":"","html_tag":"a+img","image_html_type":null,"link_url":null,"name":"name-fakpa8q9rv","order":20,"text":null,"text_index":null,"updated":"2019-03-22T14:32:54.280+09:00","_type":"Cms::Column::Value::FileUpload"},{"_id":{"$oid":"5c947386cd22fca59992e48f"},"alignment":null,"column_id":{"$oid":"5c947383cd22fca59992e477"},"created":"2019-03-22T14:32:54.139+09:00","deleted":null,"file_ids":[5],"name":"name-1j22j0w11b","order":30,"text_index":null,"updated":"2019-03-22T14:32:54.395+09:00","value":"fakpaachwsfakpaachwsfakpaachwsfakpaachwsfakpaachws","_type":"Cms::Column::Value::Free"}],"column_values_updated":"2019-03-22T14:32:54.187+09:00","contact_charge":null,"contact_email":null,"contact_fax":null,"contact_group_id":null,"contact_link_name":null,"contact_link_url":null,"contact_state":null,"contact_tel":null,"contains_urls":[],"created":"2019-03-22T14:32:54.144+09:00","deleted":null,"depth":2,"description":"48xr0uwo5ac","edit_auto_post":null,"event_dates":"","event_deadline":null,"event_name":null,"file_ids":[],"filename":"node-fakpa8ths6/fakpaa72oc.html","first_released":"2019-03-22T14:32:54.271+09:00","form_id":1,"gravatar_email":null,"gravatar_image_view_kind":null,"gravatar_screen_name":null,"group_ids":[],"html":null,"index_name":null,"keywords":["fakpaahzrw","1j22j12b2s"],"layout_id":null,"lock_owner_id":null,"lock_until":null,"map_points":[],"map_zoom_level":null,"markdown":null,"master_id":null,"md5":null,"name":"fakpaahcmj","opendata_area_ids":[],"opendata_category_ids":[],"opendata_dataset_group_ids":[],"opendata_dataset_ids":[],"opendata_dataset_state":"none","opendata_license_ids":[],"opendata_resources":null,"order":0,"parent_crumb_urls":[],"permission_level":1,"related_page_ids":[],"related_page_sort":null,"release_date":null,"released":"2019-03-22T14:32:54.271+09:00","route":"article/page","site_id":1,"sns_auto_delete":null,"state":"public","summary_html":null,"tags":[],"text_index":null,"thumb_id":null,"twitter_auto_post":null,"twitter_post_error":null,"twitter_post_id":null,"twitter_posted":[],"twitter_user_id":null,"updated":"2019-03-22T14:32:54.517+09:00","user_id":1,"workflow_agent_id":null,"workflow_approver_attachment_uses":null,"workflow_approvers":[],"workflow_circulation_attachment_uses":null,"workflow_circulations":[],"workflow_comment":null,"workflow_current_circulation_level":0,"workflow_member_id":null,"workflow_on_remand":null,"workflow_pull_up":null,"workflow_required_counts":[],"workflow_state":null,"workflow_user_id":null},{"_id":3,"approved":null,"body_layout_id":null,"body_parts":[],"category_ids":[],"check_links_errors":null,"check_links_errors_updated":null,"close_date":null,"column_values":[{"_id":{"$oid":"5c947387cd22fca59992e4a0"},"alignment":null,"column_id":{"$oid":"5c947383cd22fca59992e478"},"created":"2019-03-22T14:32:54.940+09:00","deleted":null,"name":"name-fakpa8r76z","order":0,"text_index":null,"updated":"2019-03-22T14:32:55.965+09:00","value":"48xr0v16sv148xr0v16sv148xr0v16sv148xr0v16sv148xr0v16sv148xr0v16sv1","_type":"Cms::Column::Value::TextField"},{"_id":{"$oid":"5c947387cd22fca59992e4a1"},"alignment":null,"column_id":{"$oid":"5c947383cd22fca59992e478"},"created":"2019-03-22T14:32:54.942+09:00","deleted":null,"name":"name-fakpa8r76z","order":1,"text_index":null,"updated":"2019-03-22T14:32:55.968+09:00","value":"48xr0v170ab48xr0v170ab48xr0v170ab48xr0v170ab48xr0v170ab48xr0v170ab","_type":"Cms::Column::Value::TextField"},{"_id":{"$oid":"5c947387cd22fca59992e4a2"},"alignment":null,"column_id":{"$oid":"5c947383cd22fca59992e479"},"created":"2019-03-22T14:32:55.146+09:00","deleted":null,"file_id":7,"file_label":null,"html_additional_attr":"","html_tag":"a","image_html_type":null,"link_url":null,"name":"name-48xr0ufe99h","order":2,"text":null,"text_index":null,"updated":"2019-03-22T14:32:55.971+09:00","_type":"Cms::Column::Value::FileUpload"},{"_id":{"$oid":"5c947387cd22fca59992e4a3"},"alignment":null,"column_id":{"$oid":"5c947383cd22fca59992e479"},"created":"2019-03-22T14:32:55.383+09:00","deleted":null,"file_id":9,"file_label":null,"html_additional_attr":"","html_tag":"a","image_html_type":null,"link_url":null,"name":"name-48xr0ufe99h","order":3,"text":null,"text_index":null,"updated":"2019-03-22T14:32:56.090+09:00","_type":"Cms::Column::Value::FileUpload"},{"_id":{"$oid":"5c947387cd22fca59992e4a4"},"alignment":null,"column_id":{"$oid":"5c947383cd22fca59992e47a"},"created":"2019-03-22T14:32:55.588+09:00","deleted":null,"file_ids":[11],"name":"name-fakpa8rwe2","order":4,"text_index":null,"updated":"2019-03-22T14:32:56.201+09:00","value":"48xr0v3uu4p48xr0v3uu4p48xr0v3uu4p48xr0v3uu4p48xr0v3uu4p","_type":"Cms::Column::Value::Free"},{"_id":{"$oid":"5c947387cd22fca59992e4a5"},"alignment":null,"column_id":{"$oid":"5c947383cd22fca59992e47a"},"created":"2019-03-22T14:32:55.804+09:00","deleted":null,"file_ids":[13],"name":"name-fakpa8rwe2","order":5,"text_index":null,"updated":"2019-03-22T14:32:56.318+09:00","value":"fakpabc0stfakpabc0stfakpabc0stfakpabc0stfakpabc0st","_type":"Cms::Column::Value::Free"}],"column_values_updated":"2019-03-22T14:32:55.854+09:00","contact_charge":null,"contact_email":null,"contact_fax":null,"contact_group_id":null,"contact_link_name":null,"contact_link_url":null,"contact_state":null,"contact_tel":null,"contains_urls":[],"created":"2019-03-22T14:32:55.809+09:00","deleted":null,"depth":2,"description":"fakpabh504","edit_auto_post":null,"event_dates":"","event_deadline":null,"event_name":null,"file_ids":[],"filename":"node-fakpa8ths6/fakpaax4uz.html","first_released":"2019-03-22T14:32:55.961+09:00","form_id":2,"gravatar_email":null,"gravatar_image_view_kind":null,"gravatar_screen_name":null,"group_ids":[],"html":null,"index_name":null,"keywords":["fakpabgj4c","fakpabhdmf"],"layout_id":null,"lock_owner_id":null,"lock_until":null,"map_points":[],"map_zoom_level":null,"markdown":null,"master_id":null,"md5":null,"name":"fakpabh0zm","opendata_area_ids":[],"opendata_category_ids":[],"opendata_dataset_group_ids":[],"opendata_dataset_ids":[],"opendata_dataset_state":"none","opendata_license_ids":[],"opendata_resources":null,"order":0,"parent_crumb_urls":[],"permission_level":1,"related_page_ids":[],"related_page_sort":null,"release_date":null,"released":"2019-03-22T14:32:55.961+09:00","route":"article/page","site_id":1,"sns_auto_delete":null,"state":"public","summary_html":null,"tags":[],"text_index":null,"thumb_id":null,"twitter_auto_post":null,"twitter_post_error":null,"twitter_post_id":null,"twitter_posted":[],"twitter_user_id":null,"updated":"2019-03-22T14:32:56.439+09:00","user_id":1,"workflow_agent_id":null,"workflow_approver_attachment_uses":null,"workflow_approvers":[],"workflow_circulation_attachment_uses":null,"workflow_circulations":[],"workflow_comment":null,"workflow_current_circulation_level":0,"workflow_member_id":null,"workflow_on_remand":null,"workflow_pull_up":null,"workflow_required_counts":[],"workflow_state":null,"workflow_user_id":null}]