[{"_id":678000001,"created":"2019-03-25T16:37:14.945+09:00","deleted":null,"group_ids":[],"html":"fao3sdhv4o","name":"fao3sdj1kc","order":8,"permission_level":1,"site_id":725000001,"state":"public","sub_type":"static","text_index":null,"updated":"2019-03-25T16:37:15.109+09:00"},{"_id":678000002,"created":"2019-03-25T16:37:15.209+09:00","deleted":null,"group_ids":[],"html":"fao3sdli0j","name":"fao3sdkq9p","order":89,"permission_level":1,"site_id":725000001,"state":"public","sub_type":"entry","text_index":null,"updated":"2019-03-25T16:37:15.219+09:00"}]