[{"_id":94000001,"created":"2019-03-22T21:00:21.806+09:00","deleted":null,"group_ids":[],"html":"fakzyrm6yv","name":"1j23lh6gf8","order":80,"permission_level":1,"site_id":365000001,"state":"public","sub_type":"static","text_index":null,"updated":"2019-03-22T21:00:21.965+09:00"},{"_id":94000002,"created":"2019-03-22T21:00:22.036+09:00","deleted":null,"group_ids":[],"html":"48xtznogv60","name":"fakzyrnibv","order":437,"permission_level":1,"site_id":365000001,"state":"public","sub_type":"entry","text_index":null,"updated":"2019-03-22T21:00:22.047+09:00"}]