[{"_id":{"$oid":"5c94ce56cd22fc9233b05b93"},"additional_attr":"","created":"2019-03-22T21:00:22.059+09:00","deleted":null,"form_id":94000001,"form_type":"Cms::Form","input_type":"text","layout":null,"max_length":null,"name":"name-1j23lh6rvo","order":10,"place_holder":null,"postfix_label":"postfix_label-1j23lh6kxr","prefix_label":"prefix_label-fakzyrob9w","required":"optional","site_id":365000001,"text_index":null,"tooltips":["tooltips-fakzyrnwt2"],"updated":"2019-03-22T21:00:22.062+09:00","_type":"Cms::Column::TextField"},{"_id":{"$oid":"5c94ce56cd22fc9233b05b94"},"created":"2019-03-22T21:00:22.089+09:00","deleted":null,"file_type":"image","form_id":94000001,"form_type":"Cms::Form","html_additional_attr":"","html_tag":"a","label_max_length":null,"label_place_holder":null,"layout":null,"name":"name-fakzyrpgr5","order":20,"postfix_label":"postfix_label-fakzyrp9ot","prefix_label":"prefix_label-fakzyrpfxk","required":"required","site_id":365000001,"text_index":null,"tooltips":["tooltips-fakzyrotyl"],"updated":"2019-03-22T21:00:22.093+09:00","_type":"Cms::Column::FileUpload"},{"_id":{"$oid":"5c94ce56cd22fc9233b05b95"},"additional_attr":"","created":"2019-03-22T21:00:22.095+09:00","deleted":null,"form_id":94000001,"form_type":"Cms::Form","layout":null,"max_length":null,"name":"name-fakzyroglk","order":30,"place_holder":null,"postfix_label":"postfix_label-fakzyrodiu","prefix_label":"prefix_label-fakzyrojuw","required":"optional","site_id":365000001,"text_index":null,"tooltips":["tooltips-48xtznor788"],"updated":"2019-03-22T21:00:22.098+09:00","_type":"Cms::Column::Free"},{"_id":{"$oid":"5c94ce56cd22fc9233b05b96"},"additional_attr":"","created":"2019-03-22T21:00:22.100+09:00","deleted":null,"form_id":94000002,"form_type":"Cms::Form","input_type":"text","layout":null,"max_length":null,"name":"name-48xtznorst6","order":10,"place_holder":null,"postfix_label":"postfix_label-fakzyrpgvf","prefix_label":"prefix_label-1j23lh6603","required":"optional","site_id":365000001,"text_index":null,"tooltips":["tooltips-48xtznors2o"],"updated":"2019-03-22T21:00:22.103+09:00","_type":"Cms::Column::TextField"},{"_id":{"$oid":"5c94ce56cd22fc9233b05b97"},"created":"2019-03-22T21:00:22.105+09:00","deleted":null,"file_type":"image","form_id":94000002,"form_type":"Cms::Form","html_additional_attr":"","html_tag":"a","label_max_length":null,"label_place_holder":null,"layout":null,"name":"name-48xtznot4da","order":20,"postfix_label":"postfix_label-fakzyroz3g","prefix_label":"prefix_label-48xtznotmpi","required":"required","site_id":365000001,"text_index":null,"tooltips":["tooltips-48xtznou26s"],"updated":"2019-03-22T21:00:22.108+09:00","_type":"Cms::Column::FileUpload"},{"_id":{"$oid":"5c94ce56cd22fc9233b05b98"},"additional_attr":"","created":"2019-03-22T21:00:22.110+09:00","deleted":null,"form_id":94000002,"form_type":"Cms::Form","layout":null,"max_length":null,"name":"name-1j23lh6cr9","order":30,"place_holder":null,"postfix_label":"postfix_label-fakzyrpf5q","prefix_label":"prefix_label-fakzyrpp8m","required":"required","site_id":365000001,"text_index":null,"tooltips":["tooltips-fakzyrozll"],"updated":"2019-03-22T21:00:22.113+09:00","_type":"Cms::Column::Free"}]