{"_id":52000001,"anti_bot_methods":[],"app_state":"enabled","app_workflow_route_id":null,"auto_description":"disabled","auto_keywords":"disabled","close_confirmation":null,"close_days_before":null,"color_button":null,"created":"2022-03-22T11:35:31.507+09:00","dataset_state":"enabled","dataset_workflow_route_id":null,"default_close_days_after":null,"default_release_days_after":null,"default_release_plan_state":"disabled","deleted":null,"domains":["test.localhost.jp"],"domains_with_subdir":["test.localhost.jp"],"editor_css_path":null,"elasticsearch_deny":["404.html"],"elasticsearch_hosts":[],"elasticsearch_indexes":[],"elasticsearch_outside":"disabled","elasticsearch_site_ids":[],"facebook_app_id":null,"facebook_page_url":null,"file_resizing":[],"forced_update":null,"generate_lock_until":null,"generate_lock_user_id":null,"group_ids":[340000001],"host":"test","https":"disabled","idea_state":"enabled","idea_workflow_route_id":null,"inquiry_form_id":null,"kana_format":null,"keywords":[],"line_channel_access_token":null,"line_channel_secret":null,"logo_application_image_id":null,"logo_application_name":null,"mail_signature":null,"map_api":null,"map_api_key":null,"map_api_layer":null,"map_center":[],"map_max_number_of_markers":null,"max_name_length":80,"mobile_css":["%{assets_prefix}/cms/mobile.css"],"mobile_location":"/mobile","mobile_size":512000,"mobile_state":"enabled","multibyte_filename_state":null,"mypage_domain":null,"mypage_scheme":"http","name":"Site","opengraph_defaul_image_url":null,"opengraph_type":null,"parent_id":null,"partner_site_ids":[],"sender_email":null,"sender_name":null,"sender_user_id":null,"show_google_maps_search":"active","source_cleaner_remove_class_state":"enabled","source_cleaner_remove_tag_state":"enabled","source_cleaner_unwrap_tag_state":"enabled","subdir":null,"syntax_check":null,"text_index":null,"translate_api":null,"translate_api_limit_exceeded_html":null,"translate_api_request_word_limit":0,"translate_google_api_credential_file_id":null,"translate_google_api_project_id":null,"translate_google_api_request_count":0,"translate_google_api_request_word_count":0,"translate_microsoft_api_key":null,"translate_microsoft_api_request_count":0,"translate_microsoft_api_request_metered_usage":0,"translate_microsoft_api_request_word_count":0,"translate_mock_api_request_count":0,"translate_mock_api_request_word_count":0,"translate_source_id":null,"translate_state":"disabled","translate_target_ids":[],"trash_threshold":1,"trash_threshold_unit":"year","twitter_access_token":null,"twitter_access_token_secret":null,"twitter_card":null,"twitter_consumer_key":null,"twitter_consumer_secret":null,"twitter_default_image_url":null,"twitter_username":null,"updated":"2022-03-22T11:35:31.520+09:00","upload_policy":null,"usage_calculated_at":null,"usage_db_size":null,"usage_file_count":null,"usage_group_count":null,"usage_node_count":null,"usage_page_count":null,"usage_user_count":null}