[{"_id":1,"created":"2019-03-22T14:32:50.414+09:00","deleted":null,"group_ids":[],"html":"fakpa8j48f","name":"fakpa8ihal","order":74,"permission_level":1,"site_id":1,"state":"public","sub_type":"static","text_index":null,"updated":"2019-03-22T14:32:50.896+09:00"},{"_id":2,"created":"2019-03-22T14:32:51.028+09:00","deleted":null,"group_ids":[],"html":"fakpa8mcmh","name":"fakpa8mmw5","order":241,"permission_level":1,"site_id":1,"state":"public","sub_type":"entry","text_index":null,"updated":"2019-03-22T14:32:51.074+09:00"}]