[{"_id":{"$oid":"5c947383cd22fca59992e475"},"additional_attr":"","created":"2019-03-22T14:32:51.144+09:00","deleted":null,"form_id":1,"form_type":"Cms::Form","input_type":"text","layout":null,"max_length":null,"name":"name-1j22j0wghv","order":10,"place_holder":null,"postfix_label":"postfix_label-48xr0uem35f","prefix_label":"prefix_label-fakpa8oa8f","required":"optional","site_id":1,"text_index":null,"tooltips":["tooltips-48xr0uellx9"],"updated":"2019-03-22T14:32:51.158+09:00","_type":"Cms::Column::TextField"},{"_id":{"$oid":"5c947383cd22fca59992e476"},"created":"2019-03-22T14:32:51.201+09:00","deleted":null,"file_type":"image","form_id":1,"form_type":"Cms::Form","html_additional_attr":"","html_tag":"a+img","label_max_length":null,"label_place_holder":null,"layout":null,"name":"name-fakpa8q9rv","order":20,"postfix_label":"postfix_label-fakpa8pl8i","prefix_label":"prefix_label-48xr0ueyjb8","required":"optional","site_id":1,"text_index":null,"tooltips":["tooltips-48xr0uexr52"],"updated":"2019-03-22T14:32:51.217+09:00","_type":"Cms::Column::FileUpload"},{"_id":{"$oid":"5c947383cd22fca59992e477"},"additional_attr":"","created":"2019-03-22T14:32:51.228+09:00","deleted":null,"form_id":1,"form_type":"Cms::Form","layout":null,"max_length":null,"name":"name-1j22j0w11b","order":30,"place_holder":null,"postfix_label":"postfix_label-48xr0uf488l","prefix_label":"prefix_label-fakpa8qa4w","required":"required","site_id":1,"text_index":null,"tooltips":["tooltips-48xr0uf3z92"],"updated":"2019-03-22T14:32:51.241+09:00","_type":"Cms::Column::Free"},{"_id":{"$oid":"5c947383cd22fca59992e478"},"additional_attr":"","created":"2019-03-22T14:32:51.252+09:00","deleted":null,"form_id":2,"form_type":"Cms::Form","input_type":"text","layout":null,"max_length":null,"name":"name-fakpa8r76z","order":10,"place_holder":null,"postfix_label":"postfix_label-48xr0uf8zfs","prefix_label":"prefix_label-fakpa8reit","required":"required","site_id":1,"text_index":null,"tooltips":["tooltips-fakpa8r4ir"],"updated":"2019-03-22T14:32:51.265+09:00","_type":"Cms::Column::TextField"},{"_id":{"$oid":"5c947383cd22fca59992e479"},"created":"2019-03-22T14:32:51.277+09:00","deleted":null,"file_type":"image","form_id":2,"form_type":"Cms::Form","html_additional_attr":"","html_tag":"a","label_max_length":null,"label_place_holder":null,"layout":null,"name":"name-48xr0ufe99h","order":20,"postfix_label":"postfix_label-fakpa8rsp1","prefix_label":"prefix_label-48xr0ufeccw","required":"optional","site_id":1,"text_index":null,"tooltips":["tooltips-1j22j0wlcs"],"updated":"2019-03-22T14:32:51.293+09:00","_type":"Cms::Column::FileUpload"},{"_id":{"$oid":"5c947383cd22fca59992e47a"},"additional_attr":"","created":"2019-03-22T14:32:51.304+09:00","deleted":null,"form_id":2,"form_type":"Cms::Form","layout":null,"max_length":null,"name":"name-fakpa8rwe2","order":30,"place_holder":null,"postfix_label":"postfix_label-fakpa8shy2","prefix_label":"prefix_label-48xr0ufjmm8","required":"required","site_id":1,"text_index":null,"tooltips":["tooltips-fakpa8r5w7"],"updated":"2019-03-22T14:32:51.317+09:00","_type":"Cms::Column::Free"}]