[{"_id":304000001,"approved":null,"body_layout_id":null,"body_parts":[],"category_ids":[],"check_links_errors":null,"check_links_errors_updated":null,"close_date":null,"column_values_updated":null,"contact_charge":null,"contact_email":null,"contact_fax":null,"contact_group_id":null,"contact_link_name":null,"contact_link_url":null,"contact_state":null,"contact_tel":null,"contains_urls":["/fs/3/6/0/0/0/0/0/0/1/_/logo.png"],"created":"2019-03-25T16:37:15.454+09:00","deleted":null,"depth":2,"description":"48yp1vt2zo4","edit_auto_post":null,"event_dates":"","event_deadline":null,"event_name":null,"file_ids":[360000001],"filename":"node-fao3sdn2sh/fao3sdnfe0.html","first_released":"2019-03-25T16:37:15.472+09:00","form_id":null,"gravatar_email":null,"gravatar_image_view_kind":null,"gravatar_screen_name":null,"group_ids":[],"html":"fao3sdofv2fao3sdofv2fao3sdofv2fao3sdofv2fao3sdofv2\n\u003cimg src=\"/fs/3/6/0/0/0/0/0/0/1/_/logo.png\"\u003e","index_name":null,"keywords":["fao3sdpwwb","48yp1vt2krn"],"layout_id":null,"lock_owner_id":null,"lock_until":null,"map_points":[],"map_zoom_level":null,"markdown":null,"master_id":null,"md5":null,"name":"48yp1vt2tmc","opendata_area_ids":[],"opendata_category_ids":[],"opendata_dataset_group_ids":[],"opendata_dataset_ids":[],"opendata_dataset_state":"none","opendata_license_ids":[],"opendata_resources":null,"order":0,"parent_crumb_urls":[],"permission_level":1,"related_page_ids":[],"related_page_sort":null,"release_date":null,"released":"2019-03-25T16:37:15.472+09:00","route":"article/page","site_id":725000001,"sns_auto_delete":null,"state":"public","summary_html":null,"tags":[],"text_index":null,"thumb_id":null,"twitter_auto_post":null,"twitter_post_error":null,"twitter_post_id":null,"twitter_posted":[],"twitter_user_id":null,"updated":"2019-03-25T16:37:15.473+09:00","user_id":906000001,"workflow_agent_id":null,"workflow_approver_attachment_uses":null,"workflow_approvers":[],"workflow_circulation_attachment_uses":null,"workflow_circulations":[],"workflow_comment":null,"workflow_current_circulation_level":0,"workflow_member_id":null,"workflow_on_remand":null,"workflow_pull_up":null,"workflow_required_counts":[],"workflow_state":null,"workflow_user_id":null},{"_id":304000002,"approved":null,"body_layout_id":null,"body_parts":[],"category_ids":[],"check_links_errors":null,"check_links_errors_updated":null,"close_date":null,"column_values":[{"_id":{"$oid":"5c98852ccd22fc4033d5d32b"},"alignment":null,"column_id":{"$oid":"5c98852bcd22fc4033d5d313"},"created":"2019-03-25T16:37:16.007+09:00","deleted":null,"name":"name-48yp1vrq3jr","order":10,"text_index":null,"updated":"2019-03-25T16:37:16.110+09:00","value":"fao3se1cqyfao3se1cqyfao3se1cqyfao3se1cqyfao3se1cqyfao3se1cqy","_type":"Cms::Column::Value::TextField"},{"_id":{"$oid":"5c98852ccd22fc4033d5d32c"},"alignment":null,"column_id":{"$oid":"5c98852bcd22fc4033d5d314"},"created":"2019-03-25T16:37:16.047+09:00","deleted":null,"file_id":360000003,"file_label":null,"html_additional_attr":"","html_tag":"img","image_html_type":null,"link_url":null,"name":"name-fao3sdmda4","order":20,"text":null,"text_index":null,"updated":"2019-03-25T16:37:16.110+09:00","_type":"Cms::Column::Value::FileUpload"},{"_id":{"$oid":"5c98852ccd22fc4033d5d32d"},"alignment":null,"column_id":{"$oid":"5c98852bcd22fc4033d5d315"},"created":"2019-03-25T16:37:16.087+09:00","deleted":null,"file_ids":[360000005],"name":"name-48yp1vrz662","order":30,"text_index":null,"updated":"2019-03-25T16:37:16.123+09:00","value":"48yp1vwlbnd48yp1vwlbnd48yp1vwlbnd48yp1vwlbnd48yp1vwlbnd\n\u003cimg src=\"/fs/3/6/0/0/0/0/0/0/5/_/logo.png\"\u003e","_type":"Cms::Column::Value::Free"}],"column_values_updated":"2019-03-25T16:37:16.097+09:00","contact_charge":null,"contact_email":null,"contact_fax":null,"contact_group_id":null,"contact_link_name":null,"contact_link_url":null,"contact_state":null,"contact_tel":null,"contains_urls":[],"created":"2019-03-25T16:37:16.089+09:00","deleted":null,"depth":2,"description":"fao3se4bmi","edit_auto_post":null,"event_dates":"","event_deadline":null,"event_name":null,"file_ids":[],"filename":"node-fao3sdn2sh/48yp1vwcrq3.html","first_released":"2019-03-25T16:37:16.109+09:00","form_id":678000001,"gravatar_email":null,"gravatar_image_view_kind":null,"gravatar_screen_name":null,"group_ids":[],"html":null,"index_name":null,"keywords":["fao3se45t4","fao3se40ru"],"layout_id":null,"lock_owner_id":null,"lock_until":null,"map_points":[],"map_zoom_level":null,"markdown":null,"master_id":null,"md5":null,"name":"48yp1vwvmp9","opendata_area_ids":[],"opendata_category_ids":[],"opendata_dataset_group_ids":[],"opendata_dataset_ids":[],"opendata_dataset_state":"none","opendata_license_ids":[],"opendata_resources":null,"order":0,"parent_crumb_urls":[],"permission_level":1,"related_page_ids":[],"related_page_sort":null,"release_date":null,"released":"2019-03-25T16:37:16.109+09:00","route":"article/page","site_id":725000001,"sns_auto_delete":null,"state":"public","summary_html":null,"tags":[],"text_index":null,"thumb_id":null,"twitter_auto_post":null,"twitter_post_error":null,"twitter_post_id":null,"twitter_posted":[],"twitter_user_id":null,"updated":"2019-03-25T16:37:16.139+09:00","user_id":906000001,"workflow_agent_id":null,"workflow_approver_attachment_uses":null,"workflow_approvers":[],"workflow_circulation_attachment_uses":null,"workflow_circulations":[],"workflow_comment":null,"workflow_current_circulation_level":0,"workflow_member_id":null,"workflow_on_remand":null,"workflow_pull_up":null,"workflow_required_counts":[],"workflow_state":null,"workflow_user_id":null},{"_id":304000003,"approved":null,"body_layout_id":null,"body_parts":[],"category_ids":[],"check_links_errors":null,"check_links_errors_updated":null,"close_date":null,"column_values":[{"_id":{"$oid":"5c98852ccd22fc4033d5d33e"},"alignment":null,"column_id":{"$oid":"5c98852bcd22fc4033d5d316"},"created":"2019-03-25T16:37:16.219+09:00","deleted":null,"name":"name-fao3sdm6ku","order":0,"text_index":null,"updated":"2019-03-25T16:37:16.400+09:00","value":"fao3se6lhxfao3se6lhxfao3se6lhxfao3se6lhxfao3se6lhxfao3se6lhx","_type":"Cms::Column::Value::TextField"},{"_id":{"$oid":"5c98852ccd22fc4033d5d33f"},"alignment":null,"column_id":{"$oid":"5c98852bcd22fc4033d5d316"},"created":"2019-03-25T16:37:16.219+09:00","deleted":null,"name":"name-fao3sdm6ku","order":1,"text_index":null,"updated":"2019-03-25T16:37:16.401+09:00","value":"fao3se6sqyfao3se6sqyfao3se6sqyfao3se6sqyfao3se6sqyfao3se6sqy","_type":"Cms::Column::Value::TextField"},{"_id":{"$oid":"5c98852ccd22fc4033d5d340"},"alignment":null,"column_id":{"$oid":"5c98852bcd22fc4033d5d317"},"created":"2019-03-25T16:37:16.257+09:00","deleted":null,"file_id":360000007,"file_label":null,"html_additional_attr":"","html_tag":"a","image_html_type":null,"link_url":null,"name":"name-fao3sdlz3g","order":2,"text":null,"text_index":null,"updated":"2019-03-25T16:37:16.401+09:00","_type":"Cms::Column::Value::FileUpload"},{"_id":{"$oid":"5c98852ccd22fc4033d5d341"},"alignment":null,"column_id":{"$oid":"5c98852bcd22fc4033d5d317"},"created":"2019-03-25T16:37:16.299+09:00","deleted":null,"file_id":360000009,"file_label":null,"html_additional_attr":"","html_tag":"a","image_html_type":null,"link_url":null,"name":"name-fao3sdlz3g","order":3,"text":null,"text_index":null,"updated":"2019-03-25T16:37:16.413+09:00","_type":"Cms::Column::Value::FileUpload"},{"_id":{"$oid":"5c98852ccd22fc4033d5d342"},"alignment":null,"column_id":{"$oid":"5c98852bcd22fc4033d5d318"},"created":"2019-03-25T16:37:16.339+09:00","deleted":null,"file_ids":[360000011],"name":"name-fao3sdmn4a","order":4,"text_index":null,"updated":"2019-03-25T16:37:16.425+09:00","value":"48yp1vy3eg748yp1vy3eg748yp1vy3eg748yp1vy3eg748yp1vy3eg7\n\u003cimg src=\"/fs/3/6/0/0/0/0/0/1/1/_/logo.png\"\u003e","_type":"Cms::Column::Value::Free"},{"_id":{"$oid":"5c98852ccd22fc4033d5d343"},"alignment":null,"column_id":{"$oid":"5c98852bcd22fc4033d5d318"},"created":"2019-03-25T16:37:16.376+09:00","deleted":null,"file_ids":[360000013],"name":"name-fao3sdmn4a","order":5,"text_index":null,"updated":"2019-03-25T16:37:16.439+09:00","value":"fao3se93ulfao3se93ulfao3se93ulfao3se93ulfao3se93ul\n\u003cimg src=\"/fs/3/6/0/0/0/0/0/1/3/_/logo.png\"\u003e","_type":"Cms::Column::Value::Free"}],"column_values_updated":"2019-03-25T16:37:16.384+09:00","contact_charge":null,"contact_email":null,"contact_fax":null,"contact_group_id":null,"contact_link_name":null,"contact_link_url":null,"contact_state":null,"contact_tel":null,"contains_urls":[],"created":"2019-03-25T16:37:16.378+09:00","deleted":null,"depth":2,"description":"fao3sea7vc","edit_auto_post":null,"event_dates":"","event_deadline":null,"event_name":null,"file_ids":[],"filename":"node-fao3sdn2sh/fao3se5w28.html","first_released":"2019-03-25T16:37:16.400+09:00","form_id":678000002,"gravatar_email":null,"gravatar_image_view_kind":null,"gravatar_screen_name":null,"group_ids":[],"html":null,"index_name":null,"keywords":["48yp1vyka2l","fao3se998r"],"layout_id":null,"lock_owner_id":null,"lock_until":null,"map_points":[],"map_zoom_level":null,"markdown":null,"master_id":null,"md5":null,"name":"fao3sea69w","opendata_area_ids":[],"opendata_category_ids":[],"opendata_dataset_group_ids":[],"opendata_dataset_ids":[],"opendata_dataset_state":"none","opendata_license_ids":[],"opendata_resources":null,"order":0,"parent_crumb_urls":[],"permission_level":1,"related_page_ids":[],"related_page_sort":null,"release_date":null,"released":"2019-03-25T16:37:16.400+09:00","route":"article/page","site_id":725000001,"sns_auto_delete":null,"state":"public","summary_html":null,"tags":[],"text_index":null,"thumb_id":null,"twitter_auto_post":null,"twitter_post_error":null,"twitter_post_id":null,"twitter_posted":[],"twitter_user_id":null,"updated":"2019-03-25T16:37:16.460+09:00","user_id":906000001,"workflow_agent_id":null,"workflow_approver_attachment_uses":null,"workflow_approvers":[],"workflow_circulation_attachment_uses":null,"workflow_circulations":[],"workflow_comment":null,"workflow_current_circulation_level":0,"workflow_member_id":null,"workflow_on_remand":null,"workflow_pull_up":null,"workflow_required_counts":[],"workflow_state":null,"workflow_user_id":null}]