[{"_id":605000001,"approved":null,"body_layout_id":null,"body_parts":[],"category_ids":[],"check_links_errors":null,"check_links_errors_updated":null,"close_date":null,"column_values_updated":null,"contact_charge":null,"contact_email":null,"contact_fax":null,"contact_group_id":null,"contact_link_name":null,"contact_link_url":null,"contact_state":null,"contact_tel":null,"contains_urls":["/fs/2/9/3/0/0/0/0/0/1/_/logo.png"],"created":"2019-03-22T21:00:22.341+09:00","deleted":null,"depth":2,"description":"fakzyruyvi","edit_auto_post":null,"event_dates":"","event_deadline":null,"event_name":null,"file_ids":[293000001],"filename":"node-fakzyrpcc2/48xtznp9rf6.html","first_released":"2019-03-22T21:00:22.358+09:00","form_id":null,"gravatar_email":null,"gravatar_image_view_kind":null,"gravatar_screen_name":null,"group_ids":[],"html":"48xtznp8y6348xtznp8y6348xtznp8y6348xtznp8y6348xtznp8y63\n\u003cimg src=\"/fs/2/9/3/0/0/0/0/0/1/_/logo.png\"\u003e","index_name":null,"keywords":["fakzyruplt","fakzyru9nv"],"layout_id":null,"lock_owner_id":null,"lock_until":null,"map_points":[],"map_zoom_level":null,"markdown":null,"master_id":null,"md5":null,"name":"fakzyrv123","opendata_area_ids":[],"opendata_category_ids":[],"opendata_dataset_group_ids":[],"opendata_dataset_ids":[],"opendata_dataset_state":"none","opendata_license_ids":[],"opendata_resources":null,"order":0,"parent_crumb_urls":[],"permission_level":1,"related_page_ids":[],"related_page_sort":null,"release_date":null,"released":"2019-03-22T21:00:22.358+09:00","route":"article/page","site_id":365000001,"sns_auto_delete":null,"state":"public","summary_html":null,"tags":[],"text_index":null,"thumb_id":null,"twitter_auto_post":null,"twitter_post_error":null,"twitter_post_id":null,"twitter_posted":[],"twitter_user_id":null,"updated":"2019-03-22T21:00:22.359+09:00","user_id":496000001,"workflow_agent_id":null,"workflow_approver_attachment_uses":null,"workflow_approvers":[],"workflow_circulation_attachment_uses":null,"workflow_circulations":[],"workflow_comment":null,"workflow_current_circulation_level":0,"workflow_member_id":null,"workflow_on_remand":null,"workflow_pull_up":null,"workflow_required_counts":[],"workflow_state":null,"workflow_user_id":null},{"_id":605000002,"approved":null,"body_layout_id":null,"body_parts":[],"category_ids":[],"check_links_errors":null,"check_links_errors_updated":null,"close_date":null,"column_values":[{"_id":{"$oid":"5c94ce57cd22fc9233b05bab"},"alignment":null,"column_id":{"$oid":"5c94ce56cd22fc9233b05b93"},"created":"2019-03-22T21:00:23.044+09:00","deleted":null,"name":"name-1j23lh6rvo","order":10,"text_index":null,"updated":"2019-03-22T21:00:23.250+09:00","value":"fakzys9cgifakzys9cgifakzys9cgifakzys9cgifakzys9cgifakzys9cgi","_type":"Cms::Column::Value::TextField"},{"_id":{"$oid":"5c94ce57cd22fc9233b05bac"},"alignment":null,"column_id":{"$oid":"5c94ce56cd22fc9233b05b94"},"created":"2019-03-22T21:00:23.118+09:00","deleted":null,"file_id":293000003,"file_label":null,"html_additional_attr":"","html_tag":"a","image_html_type":null,"link_url":null,"name":"name-fakzyrpgr5","order":20,"text":null,"text_index":null,"updated":"2019-03-22T21:00:23.253+09:00","_type":"Cms::Column::Value::FileUpload"},{"_id":{"$oid":"5c94ce57cd22fc9233b05bad"},"alignment":null,"column_id":{"$oid":"5c94ce56cd22fc9233b05b95"},"created":"2019-03-22T21:00:23.181+09:00","deleted":null,"file_ids":[293000005],"name":"name-fakzyroglk","order":30,"text_index":null,"updated":"2019-03-22T21:00:23.322+09:00","value":"fakzysbih0fakzysbih0fakzysbih0fakzysbih0fakzysbih0\n\u003cimg src=\"/fs/2/9/3/0/0/0/0/0/5/_/logo.png\"\u003e","_type":"Cms::Column::Value::Free"}],"column_values_updated":"2019-03-22T21:00:23.198+09:00","contact_charge":null,"contact_email":null,"contact_fax":null,"contact_group_id":null,"contact_link_name":null,"contact_link_url":null,"contact_state":null,"contact_tel":null,"contains_urls":[],"created":"2019-03-22T21:00:23.186+09:00","deleted":null,"depth":2,"description":"fakzyscnc8","edit_auto_post":null,"event_dates":"","event_deadline":null,"event_name":null,"file_ids":[],"filename":"node-fakzyrpcc2/fakzys8mg4.html","first_released":"2019-03-22T21:00:23.247+09:00","form_id":94000001,"gravatar_email":null,"gravatar_image_view_kind":null,"gravatar_screen_name":null,"group_ids":[],"html":null,"index_name":null,"keywords":["1j23lh9n4v","fakzysch82"],"layout_id":null,"lock_owner_id":null,"lock_until":null,"map_points":[],"map_zoom_level":null,"markdown":null,"master_id":null,"md5":null,"name":"fakzyscaat","opendata_area_ids":[],"opendata_category_ids":[],"opendata_dataset_group_ids":[],"opendata_dataset_ids":[],"opendata_dataset_state":"none","opendata_license_ids":[],"opendata_resources":null,"order":0,"parent_crumb_urls":[],"permission_level":1,"related_page_ids":[],"related_page_sort":null,"release_date":null,"released":"2019-03-22T21:00:23.247+09:00","route":"article/page","site_id":365000001,"sns_auto_delete":null,"state":"public","summary_html":null,"tags":[],"text_index":null,"thumb_id":null,"twitter_auto_post":null,"twitter_post_error":null,"twitter_post_id":null,"twitter_posted":[],"twitter_user_id":null,"updated":"2019-03-22T21:00:23.351+09:00","user_id":496000001,"workflow_agent_id":null,"workflow_approver_attachment_uses":null,"workflow_approvers":[],"workflow_circulation_attachment_uses":null,"workflow_circulations":[],"workflow_comment":null,"workflow_current_circulation_level":0,"workflow_member_id":null,"workflow_on_remand":null,"workflow_pull_up":null,"workflow_required_counts":[],"workflow_state":null,"workflow_user_id":null},{"_id":605000003,"approved":null,"body_layout_id":null,"body_parts":[],"category_ids":[],"check_links_errors":null,"check_links_errors_updated":null,"close_date":null,"column_values":[{"_id":{"$oid":"5c94ce57cd22fc9233b05bbe"},"alignment":null,"column_id":{"$oid":"5c94ce56cd22fc9233b05b96"},"created":"2019-03-22T21:00:23.450+09:00","deleted":null,"name":"name-48xtznorst6","order":0,"text_index":null,"updated":"2019-03-22T21:00:23.851+09:00","value":"fakzysi1xcfakzysi1xcfakzysi1xcfakzysi1xcfakzysi1xcfakzysi1xc","_type":"Cms::Column::Value::TextField"},{"_id":{"$oid":"5c94ce57cd22fc9233b05bbf"},"alignment":null,"column_id":{"$oid":"5c94ce56cd22fc9233b05b96"},"created":"2019-03-22T21:00:23.451+09:00","deleted":null,"name":"name-48xtznorst6","order":1,"text_index":null,"updated":"2019-03-22T21:00:23.852+09:00","value":"fakzysi3ijfakzysi3ijfakzysi3ijfakzysi3ijfakzysi3ijfakzysi3ij","_type":"Cms::Column::Value::TextField"},{"_id":{"$oid":"5c94ce57cd22fc9233b05bc0"},"alignment":null,"column_id":{"$oid":"5c94ce56cd22fc9233b05b97"},"created":"2019-03-22T21:00:23.541+09:00","deleted":null,"file_id":293000007,"file_label":null,"html_additional_attr":"","html_tag":"a","image_html_type":null,"link_url":null,"name":"name-48xtznot4da","order":2,"text":null,"text_index":null,"updated":"2019-03-22T21:00:23.853+09:00","_type":"Cms::Column::Value::FileUpload"},{"_id":{"$oid":"5c94ce57cd22fc9233b05bc1"},"alignment":null,"column_id":{"$oid":"5c94ce56cd22fc9233b05b97"},"created":"2019-03-22T21:00:23.615+09:00","deleted":null,"file_id":293000009,"file_label":null,"html_additional_attr":"","html_tag":"a","image_html_type":null,"link_url":null,"name":"name-48xtznot4da","order":3,"text":null,"text_index":null,"updated":"2019-03-22T21:00:23.890+09:00","_type":"Cms::Column::Value::FileUpload"},{"_id":{"$oid":"5c94ce57cd22fc9233b05bc2"},"alignment":null,"column_id":{"$oid":"5c94ce56cd22fc9233b05b98"},"created":"2019-03-22T21:00:23.685+09:00","deleted":null,"file_ids":[293000011],"name":"name-1j23lh6cr9","order":4,"text_index":null,"updated":"2019-03-22T21:00:23.931+09:00","value":"fakzyskvjbfakzyskvjbfakzyskvjbfakzyskvjbfakzyskvjb\n\u003cimg src=\"/fs/2/9/3/0/0/0/0/1/1/_/logo.png\"\u003e","_type":"Cms::Column::Value::Free"},{"_id":{"$oid":"5c94ce57cd22fc9233b05bc3"},"alignment":null,"column_id":{"$oid":"5c94ce56cd22fc9233b05b98"},"created":"2019-03-22T21:00:23.774+09:00","deleted":null,"file_ids":[293000013],"name":"name-1j23lh6cr9","order":5,"text_index":null,"updated":"2019-03-22T21:00:23.955+09:00","value":"48xtzny8nlj48xtzny8nlj48xtzny8nlj48xtzny8nlj48xtzny8nlj\n\u003cimg src=\"/fs/2/9/3/0/0/0/0/1/3/_/logo.png\"\u003e","_type":"Cms::Column::Value::Free"}],"column_values_updated":"2019-03-22T21:00:23.798+09:00","contact_charge":null,"contact_email":null,"contact_fax":null,"contact_group_id":null,"contact_link_name":null,"contact_link_url":null,"contact_state":null,"contact_tel":null,"contains_urls":[],"created":"2019-03-22T21:00:23.776+09:00","deleted":null,"depth":2,"description":"fakzyspi4w","edit_auto_post":null,"event_dates":"","event_deadline":null,"event_name":null,"file_ids":[],"filename":"node-fakzyrpcc2/48xtznwsz7g.html","first_released":"2019-03-22T21:00:23.847+09:00","form_id":94000002,"gravatar_email":null,"gravatar_image_view_kind":null,"gravatar_screen_name":null,"group_ids":[],"html":null,"index_name":null,"keywords":["fakzysoocz","48xtznyvlvi"],"layout_id":null,"lock_owner_id":null,"lock_until":null,"map_points":[],"map_zoom_level":null,"markdown":null,"master_id":null,"md5":null,"name":"1j23lhb2fz","opendata_area_ids":[],"opendata_category_ids":[],"opendata_dataset_group_ids":[],"opendata_dataset_ids":[],"opendata_dataset_state":"none","opendata_license_ids":[],"opendata_resources":null,"order":0,"parent_crumb_urls":[],"permission_level":1,"related_page_ids":[],"related_page_sort":null,"release_date":null,"released":"2019-03-22T21:00:23.847+09:00","route":"article/page","site_id":365000001,"sns_auto_delete":null,"state":"public","summary_html":null,"tags":[],"text_index":null,"thumb_id":null,"twitter_auto_post":null,"twitter_post_error":null,"twitter_post_id":null,"twitter_posted":[],"twitter_user_id":null,"updated":"2019-03-22T21:00:23.980+09:00","user_id":496000001,"workflow_agent_id":null,"workflow_approver_attachment_uses":null,"workflow_approvers":[],"workflow_circulation_attachment_uses":null,"workflow_circulations":[],"workflow_comment":null,"workflow_current_circulation_level":0,"workflow_member_id":null,"workflow_on_remand":null,"workflow_pull_up":null,"workflow_required_counts":[],"workflow_state":null,"workflow_user_id":null}]