[{"_id":360000001,"content_type":"image/png","created":"2019-03-25T16:37:15.354+09:00","deleted":null,"export_path":"files/ss_files/3/6/0/0/0/0/0/0/1/_/360000001","filename":"logo.png","geo_location":[],"model":"article/page","name":"logo.png","owner_item_id":304000001,"owner_item_type":"Article::Page","site_id":725000001,"size":11786,"state":"public","text_index":null,"updated":"2019-03-25T16:37:15.484+09:00","user_id":906000001},{"_id":360000002,"content_type":"image/png","created":"2019-03-25T16:37:15.436+09:00","deleted":null,"export_path":"files/ss_files/3/6/0/0/0/0/0/0/2/_/360000002","filename":"logo.png","geo_location":[],"image_size":[120,90],"image_size_name":"normal","model":"ss/thumb_file","name":"logo.png","original_id":360000001,"owner_item_id":null,"owner_item_type":null,"site_id":725000001,"size":6668,"state":"public","text_index":null,"updated":"2019-03-25T16:37:15.489+09:00","user_id":906000001},{"_id":360000003,"content_type":"image/png","created":"2019-03-25T16:37:16.014+09:00","deleted":null,"export_path":"files/ss_files/3/6/0/0/0/0/0/0/3/_/360000003","filename":"logo.png","geo_location":[],"model":"Article::Page","name":"logo.png","owner_item_id":304000002,"owner_item_type":"Article::Page","site_id":725000001,"size":11786,"state":"public","text_index":null,"updated":"2019-03-25T16:37:16.150+09:00","user_id":906000001},{"_id":360000004,"content_type":"image/png","created":"2019-03-25T16:37:16.029+09:00","deleted":null,"export_path":"files/ss_files/3/6/0/0/0/0/0/0/4/_/360000004","filename":"logo.png","geo_location":[],"image_size":[120,90],"image_size_name":"normal","model":"ss/thumb_file","name":"logo.png","original_id":360000003,"owner_item_id":null,"owner_item_type":null,"site_id":725000001,"size":6668,"state":"public","text_index":null,"updated":"2019-03-25T16:37:16.120+09:00","user_id":906000001},{"_id":360000005,"content_type":"image/png","created":"2019-03-25T16:37:16.053+09:00","deleted":null,"export_path":"files/ss_files/3/6/0/0/0/0/0/0/5/_/360000005","filename":"logo.png","geo_location":[],"model":"Article::Page","name":"logo.png","owner_item_id":304000002,"owner_item_type":"Article::Page","site_id":725000001,"size":11786,"state":"public","text_index":null,"updated":"2019-03-25T16:37:16.158+09:00","user_id":906000001},{"_id":360000006,"content_type":"image/png","created":"2019-03-25T16:37:16.070+09:00","deleted":null,"export_path":"files/ss_files/3/6/0/0/0/0/0/0/6/_/360000006","filename":"logo.png","geo_location":[],"image_size":[120,90],"image_size_name":"normal","model":"ss/thumb_file","name":"logo.png","original_id":360000005,"owner_item_id":null,"owner_item_type":null,"site_id":725000001,"size":6668,"state":"public","text_index":null,"updated":"2019-03-25T16:37:16.135+09:00","user_id":906000001},{"_id":360000007,"content_type":"image/png","created":"2019-03-25T16:37:16.224+09:00","deleted":null,"export_path":"files/ss_files/3/6/0/0/0/0/0/0/7/_/360000007","filename":"logo.png","geo_location":[],"model":"Article::Page","name":"logo.png","owner_item_id":304000003,"owner_item_type":"Article::Page","site_id":725000001,"size":11786,"state":"public","text_index":null,"updated":"2019-03-25T16:37:16.471+09:00","user_id":906000001},{"_id":360000008,"content_type":"image/png","created":"2019-03-25T16:37:16.240+09:00","deleted":null,"export_path":"files/ss_files/3/6/0/0/0/0/0/0/8/_/360000008","filename":"logo.png","geo_location":[],"image_size":[120,90],"image_size_name":"normal","model":"ss/thumb_file","name":"logo.png","original_id":360000007,"owner_item_id":null,"owner_item_type":null,"site_id":725000001,"size":6668,"state":"public","text_index":null,"updated":"2019-03-25T16:37:16.410+09:00","user_id":906000001},{"_id":360000009,"content_type":"image/png","created":"2019-03-25T16:37:16.262+09:00","deleted":null,"export_path":"files/ss_files/3/6/0/0/0/0/0/0/9/_/360000009","filename":"logo.png","geo_location":[],"model":"Article::Page","name":"logo.png","owner_item_id":304000003,"owner_item_type":"Article::Page","site_id":725000001,"size":11786,"state":"public","text_index":null,"updated":"2019-03-25T16:37:16.481+09:00","user_id":906000001},{"_id":360000010,"content_type":"image/png","created":"2019-03-25T16:37:16.282+09:00","deleted":null,"export_path":"files/ss_files/3/6/0/0/0/0/0/1/0/_/360000010","filename":"logo.png","geo_location":[],"image_size":[120,90],"image_size_name":"normal","model":"ss/thumb_file","name":"logo.png","original_id":360000009,"owner_item_id":null,"owner_item_type":null,"site_id":725000001,"size":6668,"state":"public","text_index":null,"updated":"2019-03-25T16:37:16.422+09:00","user_id":906000001},{"_id":360000011,"content_type":"image/png","created":"2019-03-25T16:37:16.304+09:00","deleted":null,"export_path":"files/ss_files/3/6/0/0/0/0/0/1/1/_/360000011","filename":"logo.png","geo_location":[],"model":"Article::Page","name":"logo.png","owner_item_id":304000003,"owner_item_type":"Article::Page","site_id":725000001,"size":11786,"state":"public","text_index":null,"updated":"2019-03-25T16:37:16.490+09:00","user_id":906000001},{"_id":360000012,"content_type":"image/png","created":"2019-03-25T16:37:16.320+09:00","deleted":null,"export_path":"files/ss_files/3/6/0/0/0/0/0/1/2/_/360000012","filename":"logo.png","geo_location":[],"image_size":[120,90],"image_size_name":"normal","model":"ss/thumb_file","name":"logo.png","original_id":360000011,"owner_item_id":null,"owner_item_type":null,"site_id":725000001,"size":6668,"state":"public","text_index":null,"updated":"2019-03-25T16:37:16.435+09:00","user_id":906000001},{"_id":360000013,"content_type":"image/png","created":"2019-03-25T16:37:16.344+09:00","deleted":null,"export_path":"files/ss_files/3/6/0/0/0/0/0/1/3/_/360000013","filename":"logo.png","geo_location":[],"model":"Article::Page","name":"logo.png","owner_item_id":304000003,"owner_item_type":"Article::Page","site_id":725000001,"size":11786,"state":"public","text_index":null,"updated":"2019-03-25T16:37:16.498+09:00","user_id":906000001},{"_id":360000014,"content_type":"image/png","created":"2019-03-25T16:37:16.361+09:00","deleted":null,"export_path":"files/ss_files/3/6/0/0/0/0/0/1/4/_/360000014","filename":"logo.png","geo_location":[],"image_size":[120,90],"image_size_name":"normal","model":"ss/thumb_file","name":"logo.png","original_id":360000013,"owner_item_id":null,"owner_item_type":null,"site_id":725000001,"size":6668,"state":"public","text_index":null,"updated":"2019-03-25T16:37:16.454+09:00","user_id":906000001}]