[{"_id":293000001,"content_type":"image/png","created":"2019-03-22T21:00:22.187+09:00","deleted":null,"export_path":"files/ss_files/2/9/3/0/0/0/0/0/1/_/293000001","filename":"logo.png","geo_location":[],"model":"article/page","name":"logo.png","site_id":365000001,"size":11786,"state":"public","text_index":null,"updated":"2019-03-22T21:00:22.368+09:00","user_id":496000001},{"_id":293000002,"content_type":"image/png","created":"2019-03-22T21:00:22.320+09:00","deleted":null,"export_path":"files/ss_files/2/9/3/0/0/0/0/0/2/_/293000002","filename":"logo.png","geo_location":[],"image_size":[120,90],"image_size_name":"normal","model":"ss/thumb_file","name":"logo.png","original_id":293000001,"site_id":365000001,"size":6668,"state":"public","text_index":null,"updated":"2019-03-22T21:00:22.376+09:00","user_id":496000001},{"_id":293000003,"content_type":"image/png","created":"2019-03-22T21:00:23.061+09:00","deleted":null,"export_path":"files/ss_files/2/9/3/0/0/0/0/0/3/_/293000003","filename":"logo.png","geo_location":[],"model":"cms/column","name":"logo.png","site_id":365000001,"size":11786,"state":"public","text_index":null,"updated":"2019-03-22T21:00:23.266+09:00","user_id":496000001},{"_id":293000004,"content_type":"image/png","created":"2019-03-22T21:00:23.089+09:00","deleted":null,"export_path":"files/ss_files/2/9/3/0/0/0/0/0/4/_/293000004","filename":"logo.png","geo_location":[],"image_size":[120,90],"image_size_name":"normal","model":"ss/thumb_file","name":"logo.png","original_id":293000003,"site_id":365000001,"size":6668,"state":"public","text_index":null,"updated":"2019-03-22T21:00:23.311+09:00","user_id":496000001},{"_id":293000005,"content_type":"image/png","created":"2019-03-22T21:00:23.131+09:00","deleted":null,"export_path":"files/ss_files/2/9/3/0/0/0/0/0/5/_/293000005","filename":"logo.png","geo_location":[],"model":"cms/column","name":"logo.png","site_id":365000001,"size":11786,"state":"public","text_index":null,"updated":"2019-03-22T21:00:23.332+09:00","user_id":496000001},{"_id":293000006,"content_type":"image/png","created":"2019-03-22T21:00:23.155+09:00","deleted":null,"export_path":"files/ss_files/2/9/3/0/0/0/0/0/6/_/293000006","filename":"logo.png","geo_location":[],"image_size":[120,90],"image_size_name":"normal","model":"ss/thumb_file","name":"logo.png","original_id":293000005,"site_id":365000001,"size":6668,"state":"public","text_index":null,"updated":"2019-03-22T21:00:23.343+09:00","user_id":496000001},{"_id":293000007,"content_type":"image/png","created":"2019-03-22T21:00:23.477+09:00","deleted":null,"export_path":"files/ss_files/2/9/3/0/0/0/0/0/7/_/293000007","filename":"logo.png","geo_location":[],"model":"cms/column","name":"logo.png","site_id":365000001,"size":11786,"state":"public","text_index":null,"updated":"2019-03-22T21:00:23.861+09:00","user_id":496000001},{"_id":293000008,"content_type":"image/png","created":"2019-03-22T21:00:23.507+09:00","deleted":null,"export_path":"files/ss_files/2/9/3/0/0/0/0/0/8/_/293000008","filename":"logo.png","geo_location":[],"image_size":[120,90],"image_size_name":"normal","model":"ss/thumb_file","name":"logo.png","original_id":293000007,"site_id":365000001,"size":6668,"state":"public","text_index":null,"updated":"2019-03-22T21:00:23.879+09:00","user_id":496000001},{"_id":293000009,"content_type":"image/png","created":"2019-03-22T21:00:23.557+09:00","deleted":null,"export_path":"files/ss_files/2/9/3/0/0/0/0/0/9/_/293000009","filename":"logo.png","geo_location":[],"model":"cms/column","name":"logo.png","site_id":365000001,"size":11786,"state":"public","text_index":null,"updated":"2019-03-22T21:00:23.907+09:00","user_id":496000001},{"_id":293000010,"content_type":"image/png","created":"2019-03-22T21:00:23.586+09:00","deleted":null,"export_path":"files/ss_files/2/9/3/0/0/0/0/1/0/_/293000010","filename":"logo.png","geo_location":[],"image_size":[120,90],"image_size_name":"normal","model":"ss/thumb_file","name":"logo.png","original_id":293000009,"site_id":365000001,"size":6668,"state":"public","text_index":null,"updated":"2019-03-22T21:00:23.924+09:00","user_id":496000001},{"_id":293000011,"content_type":"image/png","created":"2019-03-22T21:00:23.628+09:00","deleted":null,"export_path":"files/ss_files/2/9/3/0/0/0/0/1/1/_/293000011","filename":"logo.png","geo_location":[],"model":"cms/column","name":"logo.png","site_id":365000001,"size":11786,"state":"public","text_index":null,"updated":"2019-03-22T21:00:23.939+09:00","user_id":496000001},{"_id":293000012,"content_type":"image/png","created":"2019-03-22T21:00:23.655+09:00","deleted":null,"export_path":"files/ss_files/2/9/3/0/0/0/0/1/2/_/293000012","filename":"logo.png","geo_location":[],"image_size":[120,90],"image_size_name":"normal","model":"ss/thumb_file","name":"logo.png","original_id":293000011,"site_id":365000001,"size":6668,"state":"public","text_index":null,"updated":"2019-03-22T21:00:23.949+09:00","user_id":496000001},{"_id":293000013,"content_type":"image/png","created":"2019-03-22T21:00:23.701+09:00","deleted":null,"export_path":"files/ss_files/2/9/3/0/0/0/0/1/3/_/293000013","filename":"logo.png","geo_location":[],"model":"cms/column","name":"logo.png","site_id":365000001,"size":11786,"state":"public","text_index":null,"updated":"2019-03-22T21:00:23.962+09:00","user_id":496000001},{"_id":293000014,"content_type":"image/png","created":"2019-03-22T21:00:23.728+09:00","deleted":null,"export_path":"files/ss_files/2/9/3/0/0/0/0/1/4/_/293000014","filename":"logo.png","geo_location":[],"image_size":[120,90],"image_size_name":"normal","model":"ss/thumb_file","name":"logo.png","original_id":293000013,"site_id":365000001,"size":6668,"state":"public","text_index":null,"updated":"2019-03-22T21:00:23.972+09:00","user_id":496000001}]