[{"_id":919000001,"content_type":"image/png","created":"2022-03-22T11:35:32.859+09:00","csv_headers":[],"deleted":null,"export_path":"files/ss_files/9/1/9/0/0/0/0/0/1/_/919000001","filename":"logo.png","geo_location":[],"model":"article/page","name":"logo.png","owner_item_id":558000001,"owner_item_type":"Article::Page","sanitizer_state":null,"site_id":52000001,"size":11760,"state":"public","text_index":null,"updated":"2022-03-22T11:35:33.316+09:00","user_id":508000001},{"_id":919000002,"content_type":"image/png","created":"2022-03-22T11:35:33.888+09:00","csv_headers":[],"deleted":null,"export_path":"files/ss_files/9/1/9/0/0/0/0/0/2/_/919000002","filename":"logo.png","geo_location":[],"model":"Article::Page","name":"logo.png","owner_item_id":558000002,"owner_item_type":"Article::Page","sanitizer_state":null,"site_id":52000001,"size":11760,"state":"public","text_index":null,"updated":"2022-03-22T11:35:34.157+09:00","user_id":508000001},{"_id":919000003,"content_type":"image/png","created":"2022-03-22T11:35:34.002+09:00","csv_headers":[],"deleted":null,"export_path":"files/ss_files/9/1/9/0/0/0/0/0/3/_/919000003","filename":"logo.png","geo_location":[],"model":"article/page","name":"logo.png","owner_item_id":558000002,"owner_item_type":"Article::Page","sanitizer_state":null,"site_id":52000001,"size":11760,"state":"public","text_index":null,"updated":"2022-03-22T11:35:34.166+09:00","user_id":508000001},{"_id":919000004,"content_type":"image/png","created":"2022-03-22T11:35:34.267+09:00","csv_headers":[],"deleted":null,"export_path":"files/ss_files/9/1/9/0/0/0/0/0/4/_/919000004","filename":"logo.png","geo_location":[],"model":"Article::Page","name":"logo.png","owner_item_id":558000003,"owner_item_type":"Article::Page","sanitizer_state":null,"site_id":52000001,"size":11760,"state":"public","text_index":null,"updated":"2022-03-22T11:35:34.779+09:00","user_id":508000001},{"_id":919000005,"content_type":"image/png","created":"2022-03-22T11:35:34.394+09:00","csv_headers":[],"deleted":null,"export_path":"files/ss_files/9/1/9/0/0/0/0/0/5/_/919000005","filename":"logo.png","geo_location":[],"model":"Article::Page","name":"logo.png","owner_item_id":558000003,"owner_item_type":"Article::Page","sanitizer_state":null,"site_id":52000001,"size":11760,"state":"public","text_index":null,"updated":"2022-03-22T11:35:34.786+09:00","user_id":508000001},{"_id":919000006,"content_type":"image/png","created":"2022-03-22T11:35:34.517+09:00","csv_headers":[],"deleted":null,"export_path":"files/ss_files/9/1/9/0/0/0/0/0/6/_/919000006","filename":"logo.png","geo_location":[],"model":"article/page","name":"logo.png","owner_item_id":558000003,"owner_item_type":"Article::Page","sanitizer_state":null,"site_id":52000001,"size":11760,"state":"public","text_index":null,"updated":"2022-03-22T11:35:34.814+09:00","user_id":508000001},{"_id":919000007,"content_type":"image/png","created":"2022-03-22T11:35:34.632+09:00","csv_headers":[],"deleted":null,"export_path":"files/ss_files/9/1/9/0/0/0/0/0/7/_/919000007","filename":"logo.png","geo_location":[],"model":"article/page","name":"logo.png","owner_item_id":558000003,"owner_item_type":"Article::Page","sanitizer_state":null,"site_id":52000001,"size":11760,"state":"public","text_index":null,"updated":"2022-03-22T11:35:34.825+09:00","user_id":508000001}]