[{"_id":1,"content_type":"image/png","created":"2019-03-22T14:32:51.574+09:00","deleted":null,"export_path":"files/ss_files/1/_/1","filename":"logo.png","geo_location":[],"model":"article/page","name":"logo.png","site_id":1,"size":11786,"state":"public","text_index":null,"updated":"2019-03-22T14:32:51.960+09:00","user_id":1},{"_id":2,"content_type":"image/png","created":"2019-03-22T14:32:51.716+09:00","deleted":null,"export_path":"files/ss_files/2/_/2","filename":"logo.png","geo_location":[],"image_size":[120,90],"image_size_name":"normal","model":"ss/thumb_file","name":"logo.png","original_id":1,"site_id":1,"size":6668,"state":"public","text_index":null,"updated":"2019-03-22T14:32:52.009+09:00","user_id":1},{"_id":3,"content_type":"image/png","created":"2019-03-22T14:32:53.748+09:00","deleted":null,"export_path":"files/ss_files/3/_/3","filename":"logo.png","geo_location":[],"model":"cms/column","name":"logo.png","site_id":1,"size":11786,"state":"public","text_index":null,"updated":"2019-03-22T14:32:54.312+09:00","user_id":1},{"_id":4,"content_type":"image/png","created":"2019-03-22T14:32:53.831+09:00","deleted":null,"export_path":"files/ss_files/4/_/4","filename":"logo.png","geo_location":[],"image_size":[120,90],"image_size_name":"normal","model":"ss/thumb_file","name":"logo.png","original_id":3,"site_id":1,"size":6668,"state":"public","text_index":null,"updated":"2019-03-22T14:32:54.361+09:00","user_id":1},{"_id":5,"content_type":"image/png","created":"2019-03-22T14:32:53.973+09:00","deleted":null,"export_path":"files/ss_files/5/_/5","filename":"logo.png","geo_location":[],"model":"cms/column","name":"logo.png","site_id":1,"size":11786,"state":"public","text_index":null,"updated":"2019-03-22T14:32:54.432+09:00","user_id":1},{"_id":6,"content_type":"image/png","created":"2019-03-22T14:32:54.052+09:00","deleted":null,"export_path":"files/ss_files/6/_/6","filename":"logo.png","geo_location":[],"image_size":[120,90],"image_size_name":"normal","model":"ss/thumb_file","name":"logo.png","original_id":5,"site_id":1,"size":6668,"state":"public","text_index":null,"updated":"2019-03-22T14:32:54.480+09:00","user_id":1},{"_id":7,"content_type":"image/png","created":"2019-03-22T14:32:54.981+09:00","deleted":null,"export_path":"files/ss_files/7/_/7","filename":"logo.png","geo_location":[],"model":"cms/column","name":"logo.png","site_id":1,"size":11786,"state":"public","text_index":null,"updated":"2019-03-22T14:32:55.998+09:00","user_id":1},{"_id":8,"content_type":"image/png","created":"2019-03-22T14:32:55.059+09:00","deleted":null,"export_path":"files/ss_files/8/_/8","filename":"logo.png","geo_location":[],"image_size":[120,90],"image_size_name":"normal","model":"ss/thumb_file","name":"logo.png","original_id":7,"site_id":1,"size":6668,"state":"public","text_index":null,"updated":"2019-03-22T14:32:56.053+09:00","user_id":1},{"_id":9,"content_type":"image/png","created":"2019-03-22T14:32:55.190+09:00","deleted":null,"export_path":"files/ss_files/9/_/9","filename":"logo.png","geo_location":[],"model":"cms/column","name":"logo.png","site_id":1,"size":11786,"state":"public","text_index":null,"updated":"2019-03-22T14:32:56.119+09:00","user_id":1},{"_id":10,"content_type":"image/png","created":"2019-03-22T14:32:55.288+09:00","deleted":null,"export_path":"files/ss_files/1/0/_/10","filename":"logo.png","geo_location":[],"image_size":[120,90],"image_size_name":"normal","model":"ss/thumb_file","name":"logo.png","original_id":9,"site_id":1,"size":6668,"state":"public","text_index":null,"updated":"2019-03-22T14:32:56.169+09:00","user_id":1},{"_id":11,"content_type":"image/png","created":"2019-03-22T14:32:55.422+09:00","deleted":null,"export_path":"files/ss_files/1/1/_/11","filename":"logo.png","geo_location":[],"model":"cms/column","name":"logo.png","site_id":1,"size":11786,"state":"public","text_index":null,"updated":"2019-03-22T14:32:56.240+09:00","user_id":1},{"_id":12,"content_type":"image/png","created":"2019-03-22T14:32:55.502+09:00","deleted":null,"export_path":"files/ss_files/1/2/_/12","filename":"logo.png","geo_location":[],"image_size":[120,90],"image_size_name":"normal","model":"ss/thumb_file","name":"logo.png","original_id":11,"site_id":1,"size":6668,"state":"public","text_index":null,"updated":"2019-03-22T14:32:56.290+09:00","user_id":1},{"_id":13,"content_type":"image/png","created":"2019-03-22T14:32:55.630+09:00","deleted":null,"export_path":"files/ss_files/1/3/_/13","filename":"logo.png","geo_location":[],"model":"cms/column","name":"logo.png","site_id":1,"size":11786,"state":"public","text_index":null,"updated":"2019-03-22T14:32:56.357+09:00","user_id":1},{"_id":14,"content_type":"image/png","created":"2019-03-22T14:32:55.714+09:00","deleted":null,"export_path":"files/ss_files/1/4/_/14","filename":"logo.png","geo_location":[],"image_size":[120,90],"image_size_name":"normal","model":"ss/thumb_file","name":"logo.png","original_id":13,"site_id":1,"size":6668,"state":"public","text_index":null,"updated":"2019-03-22T14:32:56.406+09:00","user_id":1}]