[{"_id":558000000000001,"approved":null,"body_layout_id":null,"body_parts":[],"category_ids":[],"center_setting":"auto","close_date":null,"column_values_updated":null,"contact_charge":null,"contact_email":null,"contact_fax":null,"contact_group_id":null,"contact_link_name":null,"contact_link_url":null,"contact_state":null,"contact_tel":null,"contains_urls":["/fs/9/1/9/0/0/0/0/0/1/_/logo.png"],"created":"2022-03-22T11:35:33.271+09:00","deleted":null,"depth":2,"description":"le1527fdef8","event_dates":null,"event_deadline":null,"event_name":null,"file_ids":[919000001],"filename":"node-hc63af8161a/558000000000001.html","first_released":"2022-03-22T11:35:33.304+09:00","form_contains_urls":[],"form_id":null,"gravatar_email":null,"gravatar_image_view_kind":null,"gravatar_screen_name":null,"group_ids":[],"html":"pf712dc4597pf712dc4597pf712dc4597pf712dc4597pf712dc4597\n\u003cimg src=\"/fs/9/1/9/0/0/0/0/0/1/_/logo.png\"\u003e","index_name":null,"keywords":["e5433b68660","jeb8960e474"],"layout_id":null,"line_auto_post":null,"line_edit_auto_post":null,"line_post_error":null,"line_post_format":null,"line_posted":[],"line_text_message":null,"lock_owner_id":null,"lock_until":null,"map_points":[],"map_zoom_level":null,"markdown":null,"master_id":null,"md5":null,"name":"t310fa5dada","opendata_area_ids":[],"opendata_category_ids":[],"opendata_dataset_group_ids":[],"opendata_dataset_ids":[],"opendata_dataset_state":"none","opendata_license_ids":[],"opendata_resources":null,"order":0,"parent_crumb_urls":[],"permission_level":1,"redirect_link":null,"related_page_ids":[],"related_page_sort":null,"release_date":null,"released":"2022-03-22T11:35:33.304+09:00","released_type":"fixed","set_center_position":null,"set_zoom_level":null,"site_id":52000001,"size":11860,"state":"public","summary_html":null,"tags":[],"text_index":null,"thumb_id":null,"twitter_auto_post":null,"twitter_edit_auto_post":null,"twitter_post_error":null,"twitter_post_format":null,"twitter_posted":[],"updated":"2022-03-22T11:35:33.305+09:00","user_id":508000001,"value_contains_urls":[],"workflow_agent_id":null,"workflow_approver_attachment_uses":null,"workflow_approvers":[],"workflow_circulation_attachment_uses":null,"workflow_circulations":[],"workflow_comment":null,"workflow_current_circulation_level":0,"workflow_member_id":null,"workflow_on_remand":null,"workflow_pull_up":null,"workflow_required_counts":[],"workflow_state":null,"workflow_user_id":null,"zoom_setting":"auto","route":"article/page"},{"_id":558000000000002,"approved":null,"body_layout_id":null,"body_parts":[],"category_ids":[],"center_setting":"auto","close_date":null,"column_values":[{"_id":{"$oid":"623935f6aa91073d4855723c"},"alignment":null,"column_id":{"$oid":"623935f4aa91073d48557224"},"created":"2022-03-22T11:35:33.880+09:00","deleted":null,"name":"name-f1532ce2339","order":10,"text_index":null,"updated":"2022-03-22T11:35:34.139+09:00","value":"y6e67997c0fy6e67997c0fy6e67997c0fy6e67997c0fy6e67997c0fy6e67997c0f","_type":"Cms::Column::Value::TextField"},{"_id":{"$oid":"623935f6aa91073d4855723d"},"alignment":null,"column_id":{"$oid":"623935f4aa91073d48557225"},"created":"2022-03-22T11:35:33.991+09:00","deleted":null,"file_id":919000002,"file_label":null,"html_additional_attr":"","html_tag":"a","image_html_type":null,"link_url":null,"name":"name-o6cd44e749e","order":20,"text":null,"text_index":null,"updated":"2022-03-22T11:35:34.140+09:00","_type":"Cms::Column::Value::FileUpload"},{"_id":{"$oid":"623935f6aa91073d4855723e"},"alignment":null,"column_id":{"$oid":"623935f4aa91073d48557226"},"contains_urls":["/fs/9/1/9/0/0/0/0/0/3/_/logo.png"],"created":"2022-03-22T11:35:34.110+09:00","deleted":null,"file_ids":[919000003],"name":"name-fabf4f21a78","order":30,"text_index":null,"updated":"2022-03-22T11:35:34.140+09:00","value":"jb69872648cjb69872648cjb69872648cjb69872648cjb69872648c\n\u003cimg src=\"/fs/9/1/9/0/0/0/0/0/3/_/logo.png\"\u003e","_type":"Cms::Column::Value::Free"}],"column_values_updated":"2022-03-22T11:35:34.123+09:00","contact_charge":null,"contact_email":null,"contact_fax":null,"contact_group_id":null,"contact_link_name":null,"contact_link_url":null,"contact_state":null,"contact_tel":null,"contains_urls":[],"created":"2022-03-22T11:35:34.114+09:00","deleted":null,"depth":2,"description":"e4200b63680","event_dates":null,"event_deadline":null,"event_name":null,"file_ids":[],"filename":"node-hc63af8161a/558000000000002.html","first_released":"2022-03-22T11:35:34.139+09:00","form_contains_urls":["/fs/9/1/9/0/0/0/0/0/3/_/logo.png"],"form_id":726000001,"gravatar_email":null,"gravatar_image_view_kind":null,"gravatar_screen_name":null,"group_ids":[],"html":null,"index_name":null,"keywords":["qe0e77dda83","lc4ac76d7a2"],"layout_id":null,"line_auto_post":null,"line_edit_auto_post":null,"line_post_error":null,"line_post_format":null,"line_posted":[],"line_text_message":null,"lock_owner_id":null,"lock_until":null,"map_points":[],"map_zoom_level":null,"markdown":null,"master_id":null,"md5":null,"name":"xd59c2ecb2a","opendata_area_ids":[],"opendata_category_ids":[],"opendata_dataset_group_ids":[],"opendata_dataset_ids":[],"opendata_dataset_state":"none","opendata_license_ids":[],"opendata_resources":null,"order":0,"parent_crumb_urls":[],"permission_level":1,"redirect_link":null,"related_page_ids":[],"related_page_sort":null,"release_date":null,"released":"2022-03-22T11:35:34.139+09:00","released_type":"fixed","set_center_position":null,"set_zoom_level":null,"site_id":52000001,"size":23531,"state":"public","summary_html":null,"tags":[],"text_index":null,"thumb_id":null,"twitter_auto_post":null,"twitter_edit_auto_post":null,"twitter_post_error":null,"twitter_post_format":null,"twitter_posted":[],"updated":"2022-03-22T11:35:34.144+09:00","user_id":508000001,"value_contains_urls":["/fs/9/1/9/0/0/0/0/0/3/_/logo.png"],"workflow_agent_id":null,"workflow_approver_attachment_uses":null,"workflow_approvers":[],"workflow_circulation_attachment_uses":null,"workflow_circulations":[],"workflow_comment":null,"workflow_current_circulation_level":0,"workflow_member_id":null,"workflow_on_remand":null,"workflow_pull_up":null,"workflow_required_counts":[],"workflow_state":null,"workflow_user_id":null,"zoom_setting":"auto","route":"article/page"},{"_id":558000000000003,"approved":null,"body_layout_id":null,"body_parts":[],"category_ids":[],"center_setting":"auto","close_date":null,"column_values":[{"_id":{"$oid":"623935f6aa91073d4855724e"},"alignment":null,"column_id":{"$oid":"623935f4aa91073d48557227"},"created":"2022-03-22T11:35:34.261+09:00","deleted":null,"name":"name-dc9c2942792","order":0,"text_index":null,"updated":"2022-03-22T11:35:34.766+09:00","value":"e24ecaeec8ce24ecaeec8ce24ecaeec8ce24ecaeec8ce24ecaeec8ce24ecaeec8c","_type":"Cms::Column::Value::TextField"},{"_id":{"$oid":"623935f6aa91073d4855724f"},"alignment":null,"column_id":{"$oid":"623935f4aa91073d48557227"},"created":"2022-03-22T11:35:34.261+09:00","deleted":null,"name":"name-dc9c2942792","order":1,"text_index":null,"updated":"2022-03-22T11:35:34.766+09:00","value":"ec40b6ea599ec40b6ea599ec40b6ea599ec40b6ea599ec40b6ea599ec40b6ea599","_type":"Cms::Column::Value::TextField"},{"_id":{"$oid":"623935f6aa91073d48557250"},"alignment":null,"column_id":{"$oid":"623935f4aa91073d48557228"},"created":"2022-03-22T11:35:34.383+09:00","deleted":null,"file_id":919000004,"file_label":null,"html_additional_attr":"","html_tag":"img","image_html_type":null,"link_url":null,"name":"name-m3f1eb526e1","order":2,"text":null,"text_index":null,"updated":"2022-03-22T11:35:34.767+09:00","_type":"Cms::Column::Value::FileUpload"},{"_id":{"$oid":"623935f6aa91073d48557251"},"alignment":null,"column_id":{"$oid":"623935f4aa91073d48557228"},"created":"2022-03-22T11:35:34.505+09:00","deleted":null,"file_id":919000005,"file_label":null,"html_additional_attr":"","html_tag":"img","image_html_type":null,"link_url":null,"name":"name-m3f1eb526e1","order":3,"text":null,"text_index":null,"updated":"2022-03-22T11:35:34.767+09:00","_type":"Cms::Column::Value::FileUpload"},{"_id":{"$oid":"623935f6aa91073d48557252"},"alignment":null,"column_id":{"$oid":"623935f4aa91073d48557229"},"contains_urls":["/fs/9/1/9/0/0/0/0/0/6/_/logo.png"],"created":"2022-03-22T11:35:34.621+09:00","deleted":null,"file_ids":[919000006],"name":"name-pfa39016b56","order":4,"text_index":null,"updated":"2022-03-22T11:35:34.767+09:00","value":"wbcc5c6bcb9wbcc5c6bcb9wbcc5c6bcb9wbcc5c6bcb9wbcc5c6bcb9\n\u003cimg src=\"/fs/9/1/9/0/0/0/0/0/6/_/logo.png\"\u003e","_type":"Cms::Column::Value::Free"},{"_id":{"$oid":"623935f6aa91073d48557253"},"alignment":null,"column_id":{"$oid":"623935f4aa91073d48557229"},"contains_urls":["/fs/9/1/9/0/0/0/0/0/7/_/logo.png"],"created":"2022-03-22T11:35:34.737+09:00","deleted":null,"file_ids":[919000007],"name":"name-pfa39016b56","order":5,"text_index":null,"updated":"2022-03-22T11:35:34.768+09:00","value":"x29a3df0577x29a3df0577x29a3df0577x29a3df0577x29a3df0577\n\u003cimg src=\"/fs/9/1/9/0/0/0/0/0/7/_/logo.png\"\u003e","_type":"Cms::Column::Value::Free"}],"column_values_updated":"2022-03-22T11:35:34.749+09:00","contact_charge":null,"contact_email":null,"contact_fax":null,"contact_group_id":null,"contact_link_name":null,"contact_link_url":null,"contact_state":null,"contact_tel":null,"contains_urls":[],"created":"2022-03-22T11:35:34.739+09:00","deleted":null,"depth":2,"description":"w9d7185bc94","event_dates":null,"event_deadline":null,"event_name":null,"file_ids":[],"filename":"node-hc63af8161a/558000000000003.html","first_released":"2022-03-22T11:35:34.766+09:00","form_contains_urls":["/fs/9/1/9/0/0/0/0/0/6/_/logo.png","/fs/9/1/9/0/0/0/0/0/7/_/logo.png"],"form_id":726000002,"gravatar_email":null,"gravatar_image_view_kind":null,"gravatar_screen_name":null,"group_ids":[],"html":null,"index_name":null,"keywords":["jacbaabac8f","kb316051e64"],"layout_id":null,"line_auto_post":null,"line_edit_auto_post":null,"line_post_error":null,"line_post_format":null,"line_posted":[],"line_text_message":null,"lock_owner_id":null,"lock_until":null,"map_points":[],"map_zoom_level":null,"markdown":null,"master_id":null,"md5":null,"name":"w9d26d307af","opendata_area_ids":[],"opendata_category_ids":[],"opendata_dataset_group_ids":[],"opendata_dataset_ids":[],"opendata_dataset_state":"none","opendata_license_ids":[],"opendata_resources":null,"order":0,"parent_crumb_urls":[],"permission_level":1,"redirect_link":null,"related_page_ids":[],"related_page_sort":null,"release_date":null,"released":"2022-03-22T11:35:34.766+09:00","released_type":"fixed","set_center_position":null,"set_zoom_level":null,"site_id":52000001,"size":47051,"state":"public","summary_html":null,"tags":[],"text_index":null,"thumb_id":null,"twitter_auto_post":null,"twitter_edit_auto_post":null,"twitter_post_error":null,"twitter_post_format":null,"twitter_posted":[],"updated":"2022-03-22T11:35:34.770+09:00","user_id":508000001,"value_contains_urls":["/fs/9/1/9/0/0/0/0/0/7/_/logo.png"],"workflow_agent_id":null,"workflow_approver_attachment_uses":null,"workflow_approvers":[],"workflow_circulation_attachment_uses":null,"workflow_circulations":[],"workflow_comment":null,"workflow_current_circulation_level":0,"workflow_member_id":null,"workflow_on_remand":null,"workflow_pull_up":null,"workflow_required_counts":[],"workflow_state":null,"workflow_user_id":null,"zoom_setting":"auto","route":"article/page"}]