[{"_id":{"$oid":"623935f4aa91073d48557224"},"additional_attr":"","created":"2022-03-22T11:35:32.485+09:00","deleted":null,"form_id":726000001,"form_type":"Cms::Form","input_type":"text","layout":null,"max_length":null,"name":"name-f1532ce2339","order":10,"place_holder":null,"postfix_label":"postfix_label-tddaa50507a","prefix_label":"prefix_label-z38f1ddc99c","required":"optional","site_id":52000001,"text_index":null,"tooltips":["tooltips-eabcf756dab"],"updated":"2022-03-22T11:35:32.490+09:00","_type":"Cms::Column::TextField"},{"_id":{"$oid":"623935f4aa91073d48557225"},"created":"2022-03-22T11:35:32.596+09:00","deleted":null,"file_type":"image","form_id":726000001,"form_type":"Cms::Form","html_additional_attr":"","html_tag":"a","label_max_length":null,"label_place_holder":null,"layout":null,"name":"name-o6cd44e749e","order":20,"postfix_label":"postfix_label-a6f869da31d","prefix_label":"prefix_label-v898e31cb4b","required":"optional","site_id":52000001,"text_index":null,"tooltips":["tooltips-z5844edae7c"],"updated":"2022-03-22T11:35:32.603+09:00","_type":"Cms::Column::FileUpload"},{"_id":{"$oid":"623935f4aa91073d48557226"},"additional_attr":"","created":"2022-03-22T11:35:32.611+09:00","deleted":null,"form_id":726000001,"form_type":"Cms::Form","layout":null,"max_length":null,"name":"name-fabf4f21a78","order":30,"place_holder":null,"postfix_label":"postfix_label-t6299dd526c","prefix_label":"prefix_label-vcbe311dce3","required":"optional","site_id":52000001,"text_index":null,"tooltips":["tooltips-a246919603f"],"updated":"2022-03-22T11:35:32.619+09:00","_type":"Cms::Column::Free"},{"_id":{"$oid":"623935f4aa91073d48557227"},"additional_attr":"","created":"2022-03-22T11:35:32.624+09:00","deleted":null,"form_id":726000002,"form_type":"Cms::Form","input_type":"text","layout":null,"max_length":null,"name":"name-dc9c2942792","order":10,"place_holder":null,"postfix_label":"postfix_label-e95d2953ba8","prefix_label":"prefix_label-l8a494e5caf","required":"required","site_id":52000001,"text_index":null,"tooltips":["tooltips-y1a1d86b310"],"updated":"2022-03-22T11:35:32.629+09:00","_type":"Cms::Column::TextField"},{"_id":{"$oid":"623935f4aa91073d48557228"},"created":"2022-03-22T11:35:32.634+09:00","deleted":null,"file_type":"image","form_id":726000002,"form_type":"Cms::Form","html_additional_attr":"","html_tag":"img","label_max_length":null,"label_place_holder":null,"layout":null,"name":"name-m3f1eb526e1","order":20,"postfix_label":"postfix_label-pbcdc2a0871","prefix_label":"prefix_label-mae28571b16","required":"optional","site_id":52000001,"text_index":null,"tooltips":["tooltips-vac07ace12c"],"updated":"2022-03-22T11:35:32.639+09:00","_type":"Cms::Column::FileUpload"},{"_id":{"$oid":"623935f4aa91073d48557229"},"additional_attr":"","created":"2022-03-22T11:35:32.643+09:00","deleted":null,"form_id":726000002,"form_type":"Cms::Form","layout":null,"max_length":null,"name":"name-pfa39016b56","order":30,"place_holder":null,"postfix_label":"postfix_label-odc074654e6","prefix_label":"prefix_label-n082cf00837","required":"optional","site_id":52000001,"text_index":null,"tooltips":["tooltips-v205ef4cecf"],"updated":"2022-03-22T11:35:32.649+09:00","_type":"Cms::Column::Free"}]