[{"_id":984000001,"body_layout_id":null,"category_ids":[],"close_days_before":null,"color_button":null,"conditions":[],"content_quota":null,"created":"2022-03-22T11:35:32.653+09:00","default_close_days_after":null,"default_release_days_after":null,"default_release_plan_state":"disabled","deleted":null,"depth":1,"description":null,"editor_css_path":null,"filename":"node-hc63af8161a","first_released":"2022-03-22T11:35:32.682+09:00","for_member_state":"disabled","group_ids":[],"index_name":null,"keywords":[],"layout_id":null,"limit":20,"location_ids":[],"loop_format":null,"loop_html":null,"loop_liquid":null,"loop_setting_id":null,"lower_html":null,"md5":null,"name":"v2c12825e9b","new_days":1,"no_items_display_state":null,"node_line_auto_post":null,"node_line_edit_auto_post":null,"node_line_post_format":null,"node_twitter_auto_post":null,"node_twitter_edit_auto_post":null,"node_twitter_post_format":null,"opendata_site_ids":[],"order":0,"page_layout_id":null,"permission_level":1,"redirect_link":null,"released":"2022-03-22T11:35:32.682+09:00","released_type":"fixed","service_ids":[],"shortcut":"hide","site_id":52000001,"sort":null,"st_category_ids":[],"st_form_default_id":null,"st_form_ids":[],"st_location_ids":[],"st_service_ids":[],"st_tags":[],"state":"public","substitute_html":null,"summary_html":null,"syntax_check":null,"text_index":null,"updated":"2022-03-22T11:35:32.685+09:00","upper_html":null,"user_id":508000001,"view_route":null,"route":"article/page"}]