[{"_id":726000001,"created":"2022-03-22T11:35:31.664+09:00","deleted":null,"group_ids":[],"html":"i76c867a1b8","name":"h1d4646295f","order":405,"permission_level":1,"site_id":52000001,"state":"public","sub_type":"static","text_index":null,"updated":"2022-03-22T11:35:32.161+09:00"},{"_id":726000002,"created":"2022-03-22T11:35:32.420+09:00","deleted":null,"group_ids":[],"html":"rf8e57a1dbc","name":"d12553b85eb","order":115,"permission_level":1,"site_id":52000001,"state":"public","sub_type":"entry","text_index":null,"updated":"2022-03-22T11:35:32.454+09:00"}]